"Hood_ID","assault","auto.theft","break.and.enter","robbery","theft.over","drug.arrests","total.crime","population.2016","total.area","density","lone.parent.families.perc","avg.income","people.ei.per","median.income","low.income.pop.perc","low.income.pop.perc.18.to.64","non.citizens.perc","immigrants.perc","immigrants.recent.perc","refugees.perc","vis.minorities.perc","renters.perc","houses.perc","unsuitable.housing.perc","hhlds.mjr.rprs.perc","unaffordable.housing.perc","less.than.high.school.perc","high.school.cert.perc","post.sec.or.above.perc","unemployment.rate","unemployment.rate.males","youth.perc","male.youth.perc","low.income.perc","middle.income.perc","high.income.perc"
"1",0.00687439961575408,0.00831532180595581,0.00375240153698367,0.00192122958693564,0.0010806916426513,0.000870557156580211,0.0228146013448607,33312,30.09,1107.07876370887,19.6439169139466,30414,6.89215060625399,20901.8984375,21.3,19.2,18.2890855457227,69.3548387096774,7.50953867499133,10.115755847903,91.4657415437988,18.859649122807,73.1212287438289,14.4109589041096,4.00438837081733,34.6322722283205,26.2,29.84,43.94,9.8,9,16.3454610951009,8.79562920268972,52.4735830931796,15.3548270893372,3.09197886647454
"2",0.00667597256782181,0.00124415852400316,0.00103174121502701,0.00267038902712873,6.0690659707471e-05,0.000728287916489652,0.0124112399101778,32954,4.6,7163.91304347826,18.8698284561049,40442,4.22435214767483,26198.7570093458,21.9,19.9,17.3167848699764,66.6962174940898,6.64893617021277,4.22227471359395,75.5838013597399,23.5524256651017,66.9008587041374,6.41125879593432,6.09375,35.340109460516,12.597095575819,22.9652144545762,64.4714623438028,8.3,8.1,15.9009528433574,8.11737573587425,27.0225162347515,11.1063907264672,4.47593615342599
"3",0.00434362934362934,0.00135135135135135,0.00231660231660232,0.00164092664092664,0.000193050193050193,0.000675675675675676,0.0105212355212355,10360,3.4,3047.05882352941,29.8821548821549,36674,6.85952878019684,26404.398255814,24.9,22.9,15.3776160145587,51.9790718835305,8.32575068243858,13.5454545454545,59.7361237488626,47.9768786127168,66.7095115681234,20.616570327553,8.54755784061697,35.112540192926,23.5128277417536,31.040315759797,45.5314350155061,9.9,8.8,13.4169884169884,6.9980694980695,108.156370656371,43.2432432432432,10.03861003861
"4",0.00579352265172381,0.0021844429670434,0.0015196124988128,0.0012346851552854,9.49757811758002e-05,0.0010447335929338,0.011871972646975,10529,2.5,4211.6,22.8980322003578,37108,7.21455457967378,28115.6267123288,15.2,14.6,17.3340091231627,53.1947261663286,9.63488843813387,4.25279398674711,43.5884439939179,43.8818565400844,96.3483146067416,19.1279887482419,7.17299578059072,28.2700421940928,28.6140979689367,28.4348864994026,42.8912783751493,8.1,8.6,12.9167062399088,6.64830468230601,50.2421882419983,20.419792952797,4.65381327761421
"5",0.00634517766497462,0.00148054145516074,0.00126903553299492,0.00190355329949239,0,0.000951776649746193,0.0119500846023689,9456,2.9,3260.68965517241,16.4319248826291,45212,2.94784580498866,23950.4245901639,27.4,27.5,24.9114901834567,64.0167364016736,11.9407788863856,4.65925327700814,72.2150676110753,35.2700490998363,61.4566284779051,11.1201962387572,4.00654129190515,48.5172981878089,10.6451612903226,21.5412186379928,67.8136200716846,8.8,8,15.1755499153976,8.03722504230118,91.3705583756345,33.2064297800338,14.9640439932318
"6",0.00513636363636364,0.00172727272727273,0.00159090909090909,0.00104545454545455,0.000227272727272727,0.000545454545454545,0.0102727272727273,22000,5.1,4313.72549019608,21.8954248366013,39003,8.12720848056537,31792.75,11.4,10.7,8.21661998132586,46.031746031746,3.40802987861811,7.69445998880806,43.6100746268657,17.3854447439353,85.3297442799462,9.97304582210243,4.5822102425876,31.4439946018893,24.6239554317549,29.3593314763231,46.016713091922,6,6.4,13.7045454545455,6.97727272727273,23.0227272727273,12.7727272727273,2.86363636363636
"7",0.00428777757718,0.00221159053980863,0.00162484202924716,0.00162484202924716,0.000225672504062105,0.000270807004874526,0.0102455316844196,22156,5.5,4028.36363636364,41.970802919708,31800,7.45257452574526,24060.9657039711,31.7,27.4,11.2762685802153,52.3321373654536,5.22808815991799,10.0090534151494,59.5592004100461,62.1399176954732,97.9452054794521,20.4109589041096,8.76712328767123,33.0589849108368,32.6086956521739,30.9462915601023,36.4450127877238,9.1,10.1,11.8478064632605,6.25112836252031,24.1695251850515,7.5148943852681,1.42173677559126
"8",0.0031055900621118,0.00173547679941542,0.00237486298867373,0.00109609061015711,0.000365363536719035,0.000274022652539277,0.00895140664961637,10948,2.8,3910,17.2106824925816,28875,5.48583721764073,20075.0997854077,45.5,40.4,26.9913627639156,63.6909047276218,18.6225101991841,12.4123555050218,79.1316862556968,88.9122807017544,84.0813464235624,42.2050561797753,12.4210526315789,50.1756851721715,20.9576910462447,26.3365037717284,52.7058051820269,12.6,12.8,10.3671903544026,5.38911216660577,97.0496894409938,24.7990500548045,5.34344172451589
"9",0.00128741551335694,0.00135178628902478,0.00296105568072095,0.00019311232700354,6.43707756678468e-05,0.00019311232700354,0.0060508529127776,15535,5.5,2824.54545454545,16.9996367598983,45326,3.88501323069521,27681.5556242274,30.3,30.6,30.0537206526064,61.7588539594111,14.733386390768,2.78581909029623,75.047258979206,38.1475667189953,26.7593007619901,14.0134529147982,2.89237668161435,50.2594180013535,7.01556508008121,19.3548387096774,73.6521542973156,8.5,7.6,11.6511103958803,5.92211136144191,159.80045059543,71.3871902156421,36.1120051496621
"10",0.00126685367840014,0.00162881187222876,0.00253370735680029,0.00171930142068591,0.00027146864537146,0.000361958193828613,0.00778210116731518,11051,5.2,2125.19230769231,20.5572289156627,31825,6.0144553433144,22237.3453038674,22.6,22.2,19.0283400809717,64.3024494142705,7.39084132055378,8.03973565685903,85.8755858542821,27.6582667486171,59.0546347452425,11.9311193111931,5.65457897971727,38.4947563232572,19.7794117647059,29.8529411764706,50.4166666666667,9.8,8.8,14.3425934304588,7.37489819925799,124.649352999729,40.8560311284047,9.0941996199439
"11",0.00279750376587045,0.00145255003227889,0.00156014633096621,0.000753174090811276,0.00021519259737465,0.000376587045405638,0.00715515386270712,18588,8.6,2161.39534883721,20.840197693575,54360,6.20905724864711,36304.3548387097,14.5,14.8,6.15774907749077,28.0313508529276,2.23605348086676,2.96083621192409,26.4577091495736,33.2065217391304,95.4891304347826,6.19565217391304,8.96252036936447,29.5652173913043,15.9629528738763,28.5753200762735,55.4072459820212,8.8,8.9,12.9653539918227,6.85926404131698,50.704755756402,29.5082849149989,14.4179040241016
"12",0.00180026530225507,0.00113700966458215,0.00142126208072769,0.000758006443054766,0.000189501610763691,0.000189501610763691,0.00549554671214705,10554,2.9,3639.31034482759,12.701100762066,53583,3.87733521325344,38306.7127659574,26,26.2,18.4262619597493,36.077202243484,6.49950511382382,3.31844288449266,41.0493317934334,70.4164550533266,49.504699009398,8.71664548919949,5.38481076962154,45.3340132585416,4.19316033682763,18.937961849115,76.8345076473621,8.5,7.9,11.085844229676,5.5902975175289,138.715179079022,88.4025014212621,42.0219821868486
"13",0.0037137069547603,0.0012660364618501,0.0012660364618501,0.000337609723160027,0,0,0.00658338960162053,11848,1.7,6969.41176470588,16.8654173764906,40588,6.78799803246434,30384.5769230769,18,17.3,13.065755764304,37.532023911187,4.09906063193851,3.98812049215104,30.999146029035,59.4669117647059,89.0625,9.75160993560258,9.20810313075506,39.8710865561694,20.6136145733461,20.3739213806328,58.9645254074784,7.5,7.8,12.322754895341,6.2035786630655,52.7515192437542,25.362930452397,7.34301147873059
"14",0.00420789264187422,0.00261571704765154,0.00222904583191175,0.000682360968952576,0.000750597065847833,0.000682360968952576,0.0111679745251905,43965,16.4,2680.79268292683,40.5093996361431,27984,7.71746239372139,22810.0234192037,25.7,21.8,14.567124648237,58.8780407082575,6.20552705609796,12.2331179692368,76.646805693479,48.5368314833501,88.0484114977307,23.0846774193548,10.7413010590015,33.1483350151362,39.1402251791198,29.4370522006141,31.3408393039918,11.5,10.2,10.7813033094507,5.37927897190947,39.9977254634368,11.1793472080064,0.909814625270101
"15",0.00312803365332758,0.000755042605975623,0.00280444396505231,0.00107863229425089,0.000215726458850178,0.00107863229425089,0.00906051127170747,9271,2.6,3565.76923076923,18.5964912280702,53203,5.93008739076155,41804.5532544379,7.7,8,5.18134715025907,32.4352331606218,1.50259067357513,2.16799435313099,29.740932642487,22.6817042606516,78.1954887218045,3.7593984962406,3.62953692115144,24.0601503759398,12.910938433951,26.5989240884638,60.4901374775852,7.9,7.4,11.7570920073347,5.77068277424226,41.5812749433718,31.0106784597131,13.8604249811239
"16",0.0024749510997565,0.000638697058001677,0.00207576543850545,0.000359267095125943,0.000199592830625524,0.000439104227376153,0.00618737774939124,25051,7.9,3171.01265822785,18.6074429771909,36359,5.07511165245635,24885.5048859935,29.6,29.3,36.1668258516396,60.6108813235762,18.6764237989182,8.96775424537302,76.5510658606427,63.0999213217939,49.1751767478397,22.7987421383648,6.12725844461901,48.6593059936909,9.15972747918244,20.9311127933384,69.8713096139288,10.3,9.2,9.91976368208854,5.10957646401341,32.4138756935851,13.1132489720969,3.57271166819688
"17",0.00609468849369921,0.000942174066658815,0.00138381816040513,0.000264986456247792,0.00044164409374632,0.000706630549994111,0.00983394182075138,33964,6.9,4922.31884057971,15.4585152838428,57465,6.27397260273973,40786.0849056604,16.5,16.6,12.1531758770924,35.1673544245759,5.6854653828519,4.85064524862377,23.7680495072198,66.1978221415608,86.3945578231292,9.20634920634921,7.21415607985481,36.7560199909132,8.0917237743806,17.1323141802847,74.9077490774908,7.1,8.3,8.84760334471794,4.2839477093393,26.5428100341538,17.5038275821458,9.77505594158521
"18",0.00689173863735497,0.000872371979412021,0.00366396231353049,0.00113408357323563,0.000436185989706011,0.00139579516705923,0.0143941376602984,11463,3.5,3275.14285714286,15.3662420382166,71204,5.52083333333333,47273.4158878505,11.1,10.8,6.38115631691649,28.1216534589848,2.1632041122296,3.15569487983281,19.1179618925284,43.632183908046,67.7241379310345,4.73563218390805,6.66666666666667,30.0599354541263,7.94852384557154,17.0830179157204,74.9179914206409,6,5.6,12.1259705138271,6.36831544970776,73.4537206664922,55.5700950885458,38.2535112972171
"19",0.00485918286394288,0.00119000396667989,0.00257834192780643,0.00049583498611662,0,0.000396667988893296,0.00952003173343911,10084,2.3,4384.34782608696,14.6723646723647,40972,5.67580567580568,30072.1081730769,10.5,11.1,8.42358604091456,56.2550120288693,2.60625501202887,7.52361133344005,74.5286803048536,11.0960757780785,98.7854251012146,7.56756756756757,4.05405405405405,24.3572395128552,14.8673376029277,29.2772186642269,55.8554437328454,8.5,8.9,11.156287187624,5.65251884172947,61.9297897659659,30.8409361364538,10.6108687028957
"20",0.00240584038493446,0.00116144018583043,0.00215696034511366,0.000746640119462419,0.000746640119462419,0.000331840053094409,0.00754936120789779,12054,5,2410.8,24.486301369863,45615,6.31389055923031,33342.5228571429,14.6,13.5,8.40751730959446,45.9218981710331,3.41077607513594,6.80489587139203,27.1379139891251,39.1777509068924,77.7509068923821,8.69565217391304,6.0459492140266,32.043530834341,17.9561200923788,26.6166281755196,55.4849884526559,7.4,8.4,10.2870416459267,5.30944084951054,39.2400862784138,21.8184834909574,7.7567612410818
"21",0.0101481958762887,0.00507409793814433,0.00346327319587629,0.00225515463917526,0.00153028350515464,0.000966494845360825,0.0234375,12416,7.9,1571.64556962025,23.6652236652237,30731,6.25969994826694,24099.59,19.7,18.3,15.0684931506849,58.6623690572119,7.01047542304593,11.0341494845361,65.6187021362354,29.9101412066752,90.5128205128205,16.9448010269576,6.53846153846154,31.6666666666667,34.0809361287177,29.1565090199903,36.7625548512921,9.6,10.2,13.8933634020619,7.20844072164948,57.0634664948454,18.1620489690722,2.45650773195876
"22",0.00456738501125764,0.00231585718880669,0.00141524605982631,0.00102926986169186,6.43293663557414e-05,0.00122225796075909,0.0106143454486973,15545,4.4,3532.95454545455,30.8771929824561,29528,8.02207130730051,24090.5,22.7,20.3,19.0859349855166,60.7660122304474,10.0096556163502,13.5413316178836,77.0518184744126,47.5247524752475,87.2403560830861,22.8712871287129,8.01980198019802,37.5247524752475,28.8835915772745,30.3933253873659,40.6436233611442,10.2,9.4,14.2489546477967,7.43004181408813,55.6770665808942,18.2695400450306,1.96204567385011
"23",0.00363738108561835,0.00195858981533296,0.00242492072374557,0.00102592799850774,0.000373064726730088,0.0029845178138407,0.0124044021637754,10722,4.2,2552.85714285714,17.0596393897365,65274,5.18423307626392,35639.9318181818,15.7,16.1,12.43851018974,32.7707454289733,5.45007032348805,2.26244343891403,28.7873462214411,64.5357686453577,98.2482863670982,9.96955859969558,9.5963442498096,35.7251908396947,9.32062966031483,18.4341342170671,72.2452361226181,7.1,7.2,12.7308337996642,6.62189889945906,59.2706584592427,29.7519119567245,19.6791643350121
"24",0.0107190504669458,0.00248424345585867,0.00119611721948751,0.00156415328702213,0.000276027050650964,0.00128812623637116,0.0175277177163362,21737,3.4,6393.23529411765,28.8359788359788,31383,6.51760228353949,25519.6791907514,23.3,21.4,20.0955180014695,57.2740631888317,11.094783247612,8.90697162964592,73.1080088170463,60.7938044530494,92.9263565891473,22.5338491295938,9.09970958373669,33.4302325581395,21.1061946902655,28.8495575221239,50.0442477876106,8.8,7.8,15.1124810231403,7.38372360491328,34.2963610433822,12.9502691263744,1.38013525325482
"25",0.00741202321996655,0.00160703158309009,0.000787117510084943,0.00173821783477092,0.000360762192122266,0.00180381096061133,0.0137089633006461,30491,5.2,5863.65384615385,19.1029900332226,52787,6.13318565692925,37548.2647058823,15.8,14.3,12.3178348369188,45.3262378528459,6.59416936603424,6.60752871602411,37.0965876229034,41.9404915912031,56.7882079131109,10.7346094154165,7.11881957028216,33.048433048433,11.8700708461436,22.4969923806978,65.5928351824622,7.3,6.8,14.8240464399331,7.26443868682562,61.936309074809,39.3722737857073,16.8246367780657
"26",0.00818783521625014,0.00225379436266119,0.00148351021339724,0.00111263266004793,0.000256761383087984,0.0015405682985279,0.0148351021339724,35052,14.9,2352.48322147651,18.4940554821664,49709,6.69546436285097,36266.3416289593,13.5,13.7,6.85612788632327,32.3268206039076,2.45115452930728,4.87261589864959,29.5349662761803,40.7960199004975,83.9004149377593,6.71641791044776,5.31120331950207,32.5581395348837,14.125,20.9166666666667,64.9166666666667,5.6,7,12.4101335159192,6.2906538856556,17.6737418692229,10.8267716535433,4.49332420403971
"27",0.0104736708585511,0.00337042003406661,0.00340666110970174,0.00199325915993187,0.00119595549595912,0.00213822346247237,0.0225781901206828,27593,13.2,2090.37878787879,23.4426229508197,33316,8.70786516853933,25986.6624203822,18.3,15.7,18.9850475758949,55.9981892258941,6.337709370756,5.42593597395551,42.5531914893617,38.5167464114833,90.5615292712067,13.2616487455197,6.81003584229391,36.1244019138756,38.6206896551724,28.3819628647215,33.0503978779841,8.6,8.7,17.268872540137,9.1146305222339,22.1795382886964,8.66161707679484,1.41340194976987
"28",0.00814807363444322,0.00110652851825772,0.00241424403983503,0.00110652851825772,0.000100593501659793,0.00100593501659793,0.0138819032290514,9941,2.1,4733.80952380952,28.4934497816594,30974,6.32864544781643,23965.895505618,26.3,23.7,12.8362573099415,55.3508771929825,6.8421052631579,9.22735501956433,69.5029239766082,45.3231939163498,81.9908814589666,14.5247148288973,9.80988593155894,35.4912414318355,20.8726003490401,30.7853403141361,48.3420593368237,9.1,8.1,14.0327934815411,7.24273211950508,96.7709485967207,34.4029775676491,4.67759782718036
"29",0.00395608742953219,0.0020769459005044,0.0019780437147661,0.00108792404312135,0.00019780437147661,0.00019780437147661,0.00949460983087726,10111,2.5,4044.4,25.7016248153619,37422,3.43074968233799,20730.125,33.2,30.6,17.2394043528064,43.6139747995418,4.81099656357388,6.85427695736974,60.2692638212547,70.9788208357184,69.0898683457356,9.21052631578947,9.7254004576659,48.1332567489948,17.6415970287837,26.0290931600124,56.298359640978,8.2,7.9,12.4616754030264,6.52754425872812,109.583621798042,33.082781129463,12.8572841459796
"30",0.00439263389085994,0.00107000056315819,0.00135157965872614,0.0010136847440446,0,0.000844737286703835,0.00867263614349271,17757,3.5,5073.42857142857,10.0934579439252,144642,3.56408498971899,64221.8,4.5,5.3,3.27510917030568,21.3857064920895,1.03655210038189,1.29435875310107,12.0021822149482,18.4100418410042,80.4741980474198,1.53417015341702,4.46304044630404,19.1340782122905,7.18997361477573,17.0184696569921,75.6596306068602,7.5,7.3,13.9381652306133,6.75789829363068,14.529481331306,11.4321112800586,15.1489553415554
"31",0.0104025938935423,0.00249932450689003,0.00439070521480681,0.00148608484193461,0.00155363415293164,0.00162118346392867,0.021953526074034,14804,5.9,2509.15254237288,23.0425055928412,76629,5.48060708263069,40783.0542168675,18.5,16.8,6.88791484032561,30.2005012531328,3.07017543859649,4.57107075767063,24.4207889793363,40.96,98.8782051282051,7.2,9.95184590690209,23.2,13.6038186157518,19.3317422434368,66.9848846459825,7.6,6.2,12.6317211564442,6.65360713320724,19.8932720886247,10.6052418265334,9.72710078357201
"32",0.00397818701948865,0.000759878419452888,0.00192204541391024,0.00129626318612551,0.000134096191668157,0.000178794922224209,0.00826926515286966,22372,3.6,6214.44444444444,23.0520791279774,31826,6.44158779488628,22442.1520737327,23.5,21.8,19.5954487989886,65.1224278652719,9.11599034371767,9.96749482872275,77.1034482758621,34.5962113659023,67.9427430093209,13.5683405387429,7.94812105088128,37.962037962038,21.5431933672105,28.2294731211554,50.1872158331105,10.9,10.1,13.5660647237618,6.83890577507599,114.004112283211,36.0718755587341,7.88932594314321
"33",0.00254978144730452,0.00267119961146187,0.00212481787275376,0.000182127246236037,0.000303545410393395,0.000182127246236037,0.00801359883438562,16472,4.2,3921.90476190476,15.6571428571429,72371,4.23239707579838,37613.9174311927,17.6,19.3,19.1972619788426,44.0398381574852,9.15032679738562,2.87676317743133,43.1372549019608,41.6097190584662,61.0015174506829,11.3808801213961,5.38694992412747,38.5844748858447,7.69230769230769,20.0732600732601,72.1611721611722,7.2,7.6,11.6561437591064,5.88878096163186,41.1000485672657,21.9766877124818,15.9664885866926
"34",0.00529200529200529,0.00163800163800164,0.00270900270900271,0.000756000756000756,0.000441000441000441,0,0.0108360108360108,15873,4.8,3306.875,12.192118226601,111730,3.7482646922721,63954.15,6.7,6.9,4.77335164835165,22.9395604395604,2.36950549450549,0.855754090504553,21.3598901098901,24.2843951985226,97.0479704797048,2.76497695852535,5.44783010156971,22.4376731301939,7.71618625277162,15.4767184035477,76.8070953436807,6.4,6.1,12.1905121905122,6.42600642600643,25.042525042525,17.0730170730171,25.6410256410256
"35",0.00285453299840146,0.000951510999467154,0.000761208799573723,0.000228362639872117,0.000228362639872117,0.000190302199893431,0.00521428027708,26274,3.7,7101.08108108108,11.4182692307692,169203,3.54549337889791,62727,7.3,8.3,6.9798213695005,21.0456651224355,3.14361350099272,1.15290862375651,16.9424222369292,30.461270670148,89.304347826087,3.65535248041775,6.79442508710801,22.9293809938971,7.70171149144254,14.7921760391198,77.5061124694377,7.5,8.5,12.7692776128492,6.67960721625942,16.6704727106645,10.7901347339575,17.0701073304407
"36",0.00432210146447904,0.000755318702530318,0.00184633460618522,0.000545507951827452,8.39243002811464e-05,0.000293735050984012,0.00784692207628719,23831,4.7,5070.42553191489,13.2675438596491,125564,3.84012539184953,58199.18,6.9,7.4,5.0165214779213,20.2824519230769,2.13341346153846,1.09935821250297,17.6435226931169,27.972027972028,92.8571428571429,3.95962732919255,5.66770186335404,22.0233463035019,8.41750841750842,17.583239805462,73.924429479985,6.9,7.7,13.9524149217406,7.25945197431916,20.7293021694432,14.1412445973732,18.5053082119928
"37",0.00301133679735475,0.000531412376003779,0.00188946622579121,0.000295229097779877,0.000177137458667926,0.000354274917335853,0.0062588568729334,16936,2.9,5840,17.4402250351617,45737,5.86915887850467,34610.8462897526,15.6,15.3,10.9930255728994,32.1155762205247,3.32115576220525,3.21357413715534,28.3294586516108,55.8249158249158,64.2424242424242,6.3257065948856,6.46029609690444,42.2687373396354,17.4661296228488,20.322226290736,62.175027462468,6.4,6.3,13.1376948512045,6.61313179026925,43.9005668398677,26.2753897024091,8.62068965517241
"38",0.00290769611482306,0.00111358574610245,0.00241276911655531,0.000247463499133878,0.000247463499133878,0.000494926998267755,0.00742390497401633,16164,5.4,2993.33333333333,22.0779220779221,47384,6.37920850561134,34357.1061452514,17.6,17.5,8.5444610034774,34.2445328031809,3.72763419483101,5.55335184450615,22.8897715988083,53.4232365145228,84.3035343035343,9.35550935550936,9.44963655244029,35.3798126951093,15.1202749140893,26.8041237113402,57.9610538373425,7.1,7.2,13.0536995793121,6.46498391487256,29.2006928977976,16.5800544419698,6.37218510269735
"39",0.00163539335513858,0.000989843346531245,0.00490618006541573,0.000688586675847822,0.000559476674126356,0.000215183336202444,0.00899466345326218,23236,5.5,4224.72727272727,26.3731656184486,29573,7.60399582525719,23519.9574468085,20.4,17.8,13.7978298115363,61.464640694619,6.27213526790815,9.52185230853541,89.5578658745573,29.9218459248232,67.1880819366853,17.3621460506706,6.74115456238361,35.6929955290611,20.4681621847569,32.2558171938136,47.2620872230737,10.5,10.6,13.8147701841969,7.07953176106042,104.342399724565,36.4090204854536,3.63659838182131
"40",0.00303166404671008,0.000505277341118347,0.00325623175387379,0.000898270828654839,0.000336851560745565,0.000392993487536492,0.00842128901863912,17812,7.3,2440,16.0130718954248,62378,3.87023335230507,41708.6898734177,8.3,8.5,5.69377990430622,37.2248803827751,2.82296650717703,4.92704187985598,13.3428981348637,25.6678281068525,64.924506387921,5.56844547563805,4.98261877172654,24.6225319396051,11.7453347969265,24.7530186608123,63.556531284303,6.2,5.9,14.288120368291,7.6633730069616,23.8883898495396,16.7022232203009,8.70199865259376
"41",0.00140297863155623,0.000431685732786531,0.00539607165983164,0.000107921433196633,0.000323764299589899,0.00075545003237643,0.00841787178933736,9266,8.8,1052.95454545455,20.8058124174373,28085,6.85417159064051,19474.0525,22.1,20.1,20.0306983883346,70.088257866462,8.40368380660015,10.0481710070751,96.5656178050652,11.1906310995446,70.9173715029278,14.9739583333333,3.25520833333333,39.2182410423453,28.2331918695555,31.7846772392227,39.9374581192763,9.5,9.6,15.3248435139219,8.14806820634578,174.67083962875,45.1651197927908,8.41787178933736
"42",0.00263585484744539,0.000252753204549558,0.00194981043509659,0.000361076006499368,0.000288860805199494,0.000469398808449179,0.00595775410723957,27695,10,2769.5,18.1971830985915,54438,5.7221647707687,39915.3652416357,18.2,17,12.1998799519808,40.285071267817,5.68642160540135,6.00635967494995,31.2068447913539,48.5385047779651,47.4128233970754,7.98425639583919,5.70545250140528,39.8648648648649,11.9638069705094,21.4812332439678,66.5382037533512,6.2,5.5,9.83932117710778,5.10922549196606,52.3560209424084,35.5840404405127,16.6094962989709
"43",0.00428326670474015,0.000685322672758424,0.000628212450028555,0.000399771559109081,0.000228440890919475,0.000571102227298686,0.00679611650485437,17510,4.7,3725.53191489362,25.668449197861,32291,6.78280207561156,25060.9189189189,23.8,22.2,12.7696793002915,55.3805774278215,7.08661417322835,8.67946147235749,75.0145772594752,39.8470688190314,79.2340425531915,16.8510638297872,9.35374149659864,35.5140186915888,17.2679509632224,30.4378283712785,52.399299474606,11.4,10.7,11.6790405482581,5.8252427184466,53.1125071387778,20.017133066819,3.7407195888064
"44",0.00556239456526695,0.000182373592303834,0.00063830757306342,0.000775087767291296,0.000136780194227876,0.000364747184607669,0.00765969087676105,21933,2.5,8773.2,18.8067444876783,58915,4.66445982545892,34432.7550607287,31.9,29.1,11.9989165763814,35.058249796803,5.12056353291791,7.75382814785916,42.578548212351,66.0320207702293,54.4353093898745,8.13500649069667,7.74891774891775,39.9913344887348,9.86494421608925,20.0528479154433,70.1115678214915,6.9,6.3,13.9743765102813,7.34053709022933,40.9656681712488,21.4061003966626,13.2904755391419
"45",0.00390748455681655,0.000804482114638701,0.00132164918833501,0.000689556098261744,5.74630081884787e-05,0.000229852032753915,0.0070104869989944,34805,7.5,4640.66666666667,37.0165745856354,30827,8.80778588807786,25332.8,25.3,22.8,14.2156862745098,56.0120618168112,6.82246513381078,10.262635179872,67.9110105580694,52.8957528957529,75.5555555555556,20.1737451737452,11.1111111111111,41.1025145067698,25.8628624022089,31.155085135757,42.9360331339162,10.8,9.7,13.4607096681511,6.89556098261744,20.9021692285591,7.71440884930326,0.890676626921419
"46",0.00246554558098369,0.000505752939688962,0.00183335440637249,0.000758629409533443,0.00012643823492224,0.000252876469844481,0.0059425970413453,15818,3,5272.66666666667,29.3913043478261,26548,7.92618997693437,21442.28,27.9,24.6,23.454157782516,65.4888821200122,14.3770941212306,19.7548097347818,86.6737739872068,55.2405063291139,71.1538461538462,30.9367088607595,10.0861632032438,37.658388241257,30.6840264282938,30.2565099106102,39.1177613680529,12.1,11.4,13.1179668731825,6.76444556833987,117.587558477684,30.7244910861044,2.59198381590593
"47",0.00414032752948135,0.000924180252116373,0.00232893423533326,0.000628442571439134,0.000332704890761894,0.000554508151269824,0.00890909763040183,27051,4.1,6597.80487804878,13.6818687430478,85340,5.15933232169954,52150.9476744186,10.3,10,8.59701492537313,26.909307875895,3.78878281622912,1.93740685543964,22.8221957040573,43.4431741761937,93.8802958977808,5.31271015467384,5.51445864156019,29.4276094276094,7.36574746008708,16.5457184325109,76.0159651669086,6.9,7.3,12.0513104875975,6.1920076891797,20.0916786810099,13.9736054119996,14.6944660086503
"48",0.00230305893468761,0.00135821424353372,0.00165347820951931,0.000472422345576946,5.90527931971182e-05,0.000177158379591355,0.00602338490610606,16934,5.3,3195.09433962264,16.7531504818384,57039,5.2168815943728,42306.6586638831,20.8,19.6,17.8910976663786,39.0425164189423,8.91807811959903,3.55721896284308,33.6445366528354,74.6643816052556,71.3714285714286,9.69402344867029,4.74556889651229,41.7406241053536,5.64865373752589,16.8518169836189,77.4807004330634,6.7,6.8,12.7554033305775,6.67296563127436,72.192039683477,54.2990433447502,24.4183299870084
"49",0.0024327200851452,0.000988292534590239,0.00235669758248442,0,0.000152045005321575,0.000228067507982363,0.0061578227155238,13154,4.1,3208.29268292683,26.9896193771626,44101,7.62987012987013,29104.7804878049,24.8,22.9,10.5449712007089,35.1638618246236,4.42869796279894,7.50239902294338,32.0194862710363,56.5581395348837,89.4883720930233,9.12476722532588,8.55813953488372,39.1627906976744,16.6322314049587,25.8780991735537,57.4896694214876,8.7,7.9,12.3916679337084,6.30986772084537,43.5989052759617,19.9939181997871,7.18412650144443
"50",0.00795179225942722,0.00180157793377648,0.00316829222836553,0.000745480524321302,0.000496987016214201,0.000869727278374853,0.0150338572404796,16097,4.1,3926.09756097561,20.6896551724138,34904,5.31154239019408,22875.7454545455,26.3,26.3,26.7033432077867,66.3068783068783,15.4920634920635,5.72783349418824,58.5309060118544,47.4330357142857,75.78125,16.7410714285714,5.078125,46.486790331647,11.7618819011042,26.4762361977916,61.7618819011042,8.4,8.5,13.6360812573771,6.86463316145866,87.3454680996459,26.5888053674598,8.38665589861465
"51",0.00303366776381013,0.000475869453146687,0.00162588729825118,0.000594836816433358,0.000317246302097791,0.000297418408216679,0.00634492604195582,50434,5,10086.8,12.43851018974,70623,5.0286327845383,54430.9294117647,13.7,12.8,10.8627773212818,29.5499342969777,4.61563731931669,3.33547145606158,35.0361366622865,50.0399467376831,16.3558870538093,5.88705380927011,1.99786893979755,38.4635902907442,4.50862979922508,13.4026065516027,82.0887636491723,4.5,4.1,13.7407304596106,6.52337708688583,20.4822143791886,22.6335408652893,12.2833802593489
"52",0.00327163955879604,0.000654327911759207,0.00172929519536362,0.000373901663862404,0.000233688539914003,0.000373901663862404,0.00663675453355767,21396,5.2,4114.61538461538,15.6050955414013,73253,5.22427440633245,44786.7553191489,10.9,11.5,5.56983718937446,25.0428082191781,1.62671232876712,1.80429674387378,24.1010273972603,44.0119760479042,97.9020979020979,3.8961038961039,6.99300699300699,26.1523046092184,10.6831022085259,19.0035952747817,70.3133025166923,5.3,5.7,11.6610581417087,5.86558235184147,20.4477472424752,12.2686483454851,11.3338941858291
"53",0.00305285250906316,0.000508808751510526,0.000763213127265789,6.36010939388158e-05,6.36010939388158e-05,0.000318005469694079,0.00477008204541118,15723,2.6,6047.30769230769,23.7373737373737,32648,6.07644560601111,23697.6608315098,36.5,33.8,25.2247344047943,51.6752928357396,13.7564696268047,9.77706150953532,66.8482702260964,90.0627615062761,86.3493723849372,22.8676085818943,9.6234309623431,43.9958049292082,12.6905132192846,23.6702954898911,63.6391912908243,10.4,8.6,14.8190548877441,7.79113400750493,69.3251923933092,23.0235960058513,5.15168860904408
"54",0.00519410977242303,0.000214190093708166,0.00160642570281125,0.000856760374832664,0.000321285140562249,0.000642570281124498,0.00883534136546185,18675,4.9,3811.22448979592,25.1851851851852,26793,6.41153081510934,19495.5167844523,42.6,39.5,19.287288758266,55.2941176470588,12.9411764705882,11.303719754424,75.3122703894195,68.0227057710501,92.3368022705771,24.8106060606061,12.6773888363292,43.3712121212121,21.1064621106462,28.0799628079963,50.8600650860065,14.6,14.1,12.6907630522088,6.4524765729585,41.90093708166,10.334672021419,1.39223560910308
"55",0.00326890278567368,0.000189501610763691,0.00132651127534584,0.000473754026909229,0.000568504832291074,0.000947508053818457,0.00677468258480197,21108,3.1,6809.03225806452,25.1318101933216,39803,6.89051094890511,27973.1802973978,18.6,16.9,16.050560457906,47.5542829873539,6.94345025053686,4.85619990570486,43.1536259541985,47.0080552359033,98.9643268124281,12.4280782508631,10.3051237766264,36.7511520737327,24.9509391645641,23.4090271937202,51.6119988786095,6.8,6.9,11.654349061967,6.08773924578359,52.3261322721243,21.6742467310972,7.01155959825658
"56",0.00178274304730212,0.000237699072973615,0.00184216781554552,0.000475398145947231,0.000178274304730212,0.000356548609460423,0.00487283099595912,16828,4.8,3505.83333333333,24.6753246753247,43907,6.96791997240428,29103.7406976744,22.5,21.2,12.5709651257097,37.2432432432432,6.72972972972973,6.18473895582329,37.7027027027027,53.6503683858004,95.7803081044876,15.1271753681392,10.9176155391829,37.9356568364611,18.8697629100357,27.5414095485547,53.5888275414095,10.1,9.7,12.8951747088186,6.53672450677442,53.4525790349418,23.5619206085096,9.2999762300927
"57",0.00286981476650143,0.000521784503000261,0.0011305330898339,0.000347856335333507,0.000173928167666754,0.000695712670667015,0.00573962953300287,11499,1.7,6764.11764705882,18.8349514563107,53315,6.00539811066127,36957.3461538462,13.5,13,6.35179153094463,32.8091106290672,3.470715835141,3.46582909130293,26.8186753528773,34.8284960422164,99.4722955145119,9.49868073878628,7.7733860342556,29.0620871862616,17.3238526179703,24.9515190691661,57.7892695539754,5,4.8,9.08774676058788,4.39168623358553,34.2638490303505,19.6104009044265,10.8705104791721
"58",0.00617350806888335,0.000758150113722517,0.00411567204592224,0.000866457272825734,0.00032492147730965,0.000216614318206433,0.0124553232968699,9233,2.3,4014.34782608696,15.1799687010955,58071,4.53061224489796,33811.8793103448,13.8,13.7,9.48745910577972,29.796511627907,2.36191860465116,2.13366121799508,21.4389534883721,58.6887835703002,95.3433307024467,5.60821484992101,10.8129439621152,37.5690607734807,14.3714971977582,19.2954363490793,66.293034427542,6.8,7.6,9.96425863749594,5.30705079605762,74.948554099426,39.3696523340193,18.0872955702372
"59",0.00162980209545984,0.000465657741559953,0.00157159487776484,0.000291036088474971,0.000116414435389988,0.000523864959254948,0.00459837019790454,17180,2.2,7809.09090909091,26.4736297828335,42516,5.97926693817105,29471.3482849604,20.6,19.3,13.8516918646508,49.5536999712064,8.03340051828391,8.41833069961212,54.9236970918514,60.2554470323065,88.5885885885886,14.5379413974455,8.64336715520481,37.1417797888386,14.3302180685358,26.5143648321218,59.1381100726895,9.2,9.2,8.38183934807916,4.27823050058207,96.7112922002328,45.7508731082654,15.454016298021
"60",0.00495867768595041,0.000508582326764145,0.00216147488874762,0.00127145581691036,0.000508582326764145,0.00114431023521933,0.010553083280356,7865,1.2,6554.16666666667,13.953488372093,70831,4.76190476190476,41237.5,13.6,13.7,7.25964682799215,23.4947643979058,3.07591623036649,1.40953357252691,20.4188481675393,53.6312849162011,98.7412587412587,4.75524475524475,7.69230769230769,37.3949579831933,9.78428351309707,18.3359013867488,71.8027734976887,6.4,6.1,8.51875397329943,4.5772409408773,39.2879847425302,22.8862047043865,17.9910998092816
"61",0.00471848498374036,0.000510106484728687,0.00223171587068801,0.000828923037684117,0.000255053242364344,0.000573869795319773,0.00911815341452528,15683,1.1,14257.2727272727,18.5104052573932,36346,5.39816232771822,25882.5285714286,17.5,17.7,20.594748497311,61.7842454919329,8.35178740904777,4.6782146921229,64.2518190446061,24.2753623188406,79.3291024478694,8.5222121486854,4.89573889392566,32.7586206896552,17.1148255813953,25.3997093023256,57.4854651162791,10,10.6,10.744117834598,5.32423643435567,54.6451571765606,22.1577504304023,6.18504112733533
"62",0.00664141059819466,0.000888639446237313,0.0040222627566531,0.00135634441794116,0.000561245966044619,0.000467704971703849,0.0139376081567747,21381,2.6,8223.46153846154,12.2541603630862,99055,3.8917089678511,51973.4868421053,7.2,7.2,6.02355072463768,30.4072398190045,2.44343891402715,2.8956655506289,19.0583974649163,15.4145077720207,99.8704663212435,2.59067357512953,5.69948186528497,19.4552529182879,10.302049622438,21.6289104638619,68.1229773462783,6,6.7,10.3596651232403,5.2850661802535,17.5155511903092,11.8797062812778,11.9732472756185
"63",0.00324569944823109,0.000370937079797839,0.00296749663838271,0.000510038484722029,0.00018546853989892,0.00111281123939352,0.00839245143042611,21567,3.6,5990.83333333333,29.2089249492901,34597,5.87889476778366,20938.6816326531,42.3,37.3,12.3185011709602,46.9789227166276,5.24590163934426,12.4039618624456,69.9765807962529,74.6720484359233,58.7701612903226,15.9434914228052,9.67741935483871,39.4736842105263,20.6744057490326,25.8153676064124,53.4549474847982,9.6,9.8,9.69073120971855,4.72944776742245,28.4694208744842,8.43881856540084,2.78202809848379
"64",0.00462483055577705,0.000398692289291125,0.0035084921457619,0.000398692289291125,0.00015947691571645,0.0006379076628658,0.00972809185870345,12541,1.6,7838.125,27.0363951473137,34418,7.33778047301395,27301.1566037736,18.6,17.2,11.3954611298889,48.0212355212355,6.03281853281853,8.78525975876152,51.7857142857143,43.8802083333333,97.1391417425228,14.0625,6.89206762028609,30.859375,22.4641833810888,30.6590257879656,46.8194842406877,10.9,10.4,8.33266884618451,4.22613826648593,43.3777210748744,19.2967068016905,3.46862291683279
"65",0.0045779288340154,0.000693625580911424,0.00388430325310397,0.000554900464729139,0.000416175348546854,0.000971075813275994,0.0110980092945828,14417,1.7,8480.58823529412,28.8205980066445,34059,8.21147356580427,26582.9715302491,22.8,20.3,12.16550483472,49.5392222971454,4.67520791189031,8.20372201744134,45.9860580166404,43.3149171270718,86.6372170071784,14.4119271120928,9.99447818884594,35.2323008849558,30.3976514544969,29.196690685882,40.4590338937817,9.2,8.6,9.05181383089408,4.75133522924325,83.2350697093709,34.7853228827079,5.37559825206354
"66",0.00982826401820815,0.00103455410717981,0.00600041382164287,0.00279329608938547,0.000931098696461825,0.00206910821435961,0.0226567349472377,9666,1.1,8787.27272727273,16.7119565217391,50580,6.24743115495273,33076.6153846154,19.9,18.2,9.11230665770007,29.546218487395,3.42857142857143,5.37598504073728,25.5211835911231,56.3451776649746,91.6485112563544,9.36139332365747,12.0551924473493,37.718023255814,14.3255073617191,21.6872264226025,64.1464385196976,6.7,7.1,9.46617008069522,4.55203807159114,70.6083178150217,34.9679288226774,19.8117111524933
"67",0.00884161968221425,0.00102511532547412,0.00525371604305484,0.00153767298821117,0.000512557662737058,0.000768836494105587,0.017939518195797,7804,0.9,8671.11111111111,10.9601449275362,207903,2.77697425513451,61994.4813829787,10.2,11.9,9.31360659713801,26.661814653081,3.63901018922853,1.14706304067294,18.1465308102863,44.6046742913973,69.6517412935323,4.77374440576827,5.4726368159204,30.7192807192807,5.80555555555556,15.9444444444444,78.2777777777778,6,5.4,9.29010763710918,4.74115838031779,80.0230650948232,62.019477191184,79.8308559712968
"68",0.00285330647868412,0.000335683115139308,0.00218194024840551,0.00176233635448137,0.000335683115139308,0.000503524672708963,0.00797247398455858,11916,1.8,6620,19.1993781577925,39556,6.79124250453214,29665.3412271259,9.5,8.4,7.97785737544774,55.5133492511396,3.46212285652268,10.9471782518926,81.01389491967,16.4675130694548,90.5188503172826,11.0197982816586,3.32337565347274,29.2227204783259,17.2590163934426,30.7934426229508,51.9213114754098,8.2,8.1,9.81873111782477,5.2450486740517,185.129237999329,91.0960053709298,25.5538771399799
"69",0.00660023294939821,0.000258832664682283,0.00181182865277598,0.00103533065872913,0.000129416332341141,0.0015529959880937,0.0113886372460204,7727,0.9,8585.55555555555,13.4948096885813,71888,6.02331606217617,51095.1285714286,6.9,7,5.21609538002981,23.1876861966236,1.68818272095333,2.03574975173784,15.888778550149,21.3630406290957,99.475753604194,2.87958115183246,6.27450980392157,21.0732984293194,11.9700748129676,17.2693266832918,70.6359102244389,5.1,5.5,11.453345412191,5.88844312152194,41.8014753461887,30.9305034295328,26.8538889607869
"70",0.00599081647295164,0.00086095566078347,0.00502224135457024,0.000609843593054958,0.000717463050652891,0.00157841871143636,0.0147797388434496,27876,9.6,2903.75,30.4247990815155,32913,6.77896466721446,22770.3414948454,32.4,29,15.9768715763847,54.6090660176453,9.88743535138424,10.972255441282,73.4327449786975,54.5991561181435,72.5738396624473,22.2784810126582,12.8270042194093,41.5189873417722,22.6003824091778,28.9483747609943,48.3747609942639,13,12.8,8.78892237049792,4.50208064284689,31.8374228727221,9.88305352274358,2.06270627062706
"71",0.00874110892107293,0.000771274316565258,0.00471334304567658,0.00145685148684549,0.000428485731425144,0.0023995200959808,0.0185105835975662,11669,1.4,8335,25.2222222222222,35207,7.043429844098,25954.265625,30.5,28.5,15.0774443368829,43.1856693294602,8.20624546114742,12.5635040505286,48.0271120793997,86.6110623353819,86.5671641791045,15.891132572432,10.9306409130816,49.2307692307692,16.4110842076944,24.3206887274684,59.2951304815712,8.6,9,8.82680606735796,4.28485731425144,105.536035650013,40.1919616076785,8.44116890907533
"72",0.00962695547533093,0.000462834397852448,0.00240673886883273,0.00185133759140979,0.000277700638711469,0.00111080255484588,0.0157363695269832,10803,0.6,18005,19.1988950276243,53803,6.61764705882353,35841.6617647059,18.7,16.8,8.52283231650952,30.362426035503,2.9585798816568,4.19715884631941,41.5048992420041,40.0828157349896,80.3807947019868,6.00165562913907,7.69230769230769,31.1564059900166,17.4946004319654,20.8207343412527,61.6846652267819,6.5,6.7,16.4306211237619,8.23845228177358,110.848838285661,57.4377487734888,39.0169397389614
"73",0.0175070711011411,0.000829025651028967,0.00619330927533405,0.0049741539061738,0.000585194577196918,0.00848532136935531,0.0385740758802302,20506,1.4,14647.1428571429,17.0731707317073,100516,2.74068868587491,42015.1045918367,15.9,16.7,14.7907239819005,49.98585572843,7.92079207920792,3.03166404671008,50.5799151343706,33.2814930015552,81.7262830482115,6.84292379471229,4.82115085536547,33.879781420765,9.57446808510638,20.844414893617,69.5811170212766,8.3,8,9.97269091973081,5.04730322832342,33.7462206183556,18.1654150004877,17.5070711011411
"74",0.0075208165457964,0.00085952189094816,0.0032232070910556,0.00112812248186946,0.00069836153639538,0.00150416330915928,0.0149341928552243,18615,0.4,46537.5,18.75,31786,5.51142005958292,20877.7091222031,21,19.2,20.4779563246807,71.8730682052339,7.45930352359365,8.22401819437112,90.9746548526685,16.1125319693095,63.3568225496477,12.1405750798722,4.21994884910486,37.3239436619718,23.5502958579882,29.5147928994083,46.9585798816568,9.5,8.4,12.1676067687349,6.28525382755842,78.8074133763094,23.1265108783239,5.82863282299221
"75",0.0194320357370772,0.000829610721123165,0.00526483726866624,0.00443522654754308,0.00124441608168475,0.00430759412890874,0.0355137204850032,31340,1.4,22385.7142857143,16.5963431786217,64140,5.83250249252243,41397.5547550432,11.6,11.6,8.19441654950793,34.6926476496585,4.03776617115307,5.4488842760768,18.4538152610442,35.3253012048193,94.2196531791908,7.42168674698795,6.60240963855422,27.3034249879402,13.0518234165067,21.904990403071,65.0431861804223,6.7,6.1,16.081684747926,7.17932354818124,31.3018506700702,19.4798978940651,13.3694958519464
"76",0.0153118579679808,0.000736519750358569,0.0033724851726945,0.00178315307981548,0.00139551110594255,0.00511687405512269,0.0277164011319146,25797,1.8,14331.6666666667,21.0492227979275,34200,5.58340929808569,24474.027027027,23.8,21.7,18.7754347021828,61.8871415356152,9.01017576318224,7.32347154412301,75.1942286348502,43.6164927968207,73.6580516898608,15.3578528827038,5.31544957774466,38.0099502487562,19.2614985964155,27.4238825307709,53.2282444396459,9.1,9.4,26.6116215063767,11.900608597899,58.9603442260728,20.9908128852192,5.01996356165446
"77",0.0095732253121539,0.000531002988788251,0.00289775916738731,0.000713061156372794,0.000743404184303552,0.002124011955153,0.0165824647641588,65913,7.6,8672.76315789474,21.9211822660099,30430,6.96095076400679,23033.55078125,32.9,30.8,23.6357765579593,56.2156926057475,16.1446561188247,7.65159727093031,66.8711656441718,67.2248803827751,77.3524720893142,28.9243027888446,12.1212121212121,44.1434262948207,16.2011173184358,24.4612928970471,59.3774940143655,11.5,9.3,11.8565381639434,5.56794562529395,12.9337156554853,4.22526663935794,0.629617829563212
"78",0.0165505711897464,0.00133741989412093,0.00468096962942324,0.00278629144608526,0.000947339091668989,0.00585121203677905,0.0321538032878239,17945,1.5,11963.3333333333,15.0927487352445,92580,5.25073746312684,53348.0814479638,9.4,10,5.50244812310562,19.7061567164179,1.84235074626866,0.834608429545138,13.8960130566566,37.5397667020149,87.8113407525172,3.60742705570292,8.16976127320955,28.7685774946921,8.25531914893617,19.4042553191489,72.3404255319149,5.7,5.4,18.6960156032321,9.33407634438562,38.6179994427417,27.5564224017832,28.169406519922
"79",0.0174838964112002,0.00210332588405416,0.00578414618114894,0.00341790456158801,0.000657289338766925,0.00460102537136848,0.0340475877481267,7607,1.4,5433.57142857143,24.777183600713,32815,7.5909661229611,25653.2807692308,17.8,16.4,14.7654320987654,53.9753086419753,7.11111111111111,10.9555984555985,64.2962962962963,37.9573170731707,97.2560975609756,15.8295281582953,6.25,32.5190839694656,24.7170935080405,27.8737343656939,47.4091721262656,10.4,9.8,19.455764427501,9.99079794925726,73.1563034047588,26.291573550677,5.06112790850532
"80",0.00484594242731086,0.00130189498047158,0.00245913496311298,0.000795602488065963,0.000361637494575438,0.000650947490235788,0.0104151598437726,13826,1.4,9875.71428571429,17.3053152039555,50694,5.64174894217207,30070.6643109541,14.7,15.1,11.3986444855206,35.7979051139864,2.83425754775108,4.13747281952162,29.69808995687,47.7601156069364,92.6300578034682,5.78871201157742,7.53077480086894,36.1454545454545,21.5050051777701,22.6095961339317,55.8508802209182,6.1,6.8,10.6321423405179,4.84594242731086,61.4060465789093,27.1951395920729,13.8868797916968
"81",0.00773133607151486,0.000906015945880647,0.00283884996375936,0.000785213819763228,0.000181203189176129,0.00326165740517033,0.0157042763952646,16556,1.7,9738.82352941177,15.3024911032028,50757,3.59231411862991,29406.9539473684,22.4,24.5,17.3033707865169,30.187265917603,4.71910112359551,2.10332588405416,33.0337078651685,62.5920471281296,84.9779086892489,7.06921944035346,8.70206489675516,46.6765140324963,8.42787682333874,19.2868719611021,72.2852512155592,8.3,8.9,9.87557381009906,4.49987919787388,21.8953853587823,8.96955786421841,5.49649673834259
"82",0.0041372674791533,0.000449005772931366,0.0017639512508018,0.000192431045542014,0.000481077613855035,0.0017639512508018,0.00878768441308531,31180,3.1,10058.064516129,27.9697624190065,35786,6.53120464441219,26450.5743902439,25.9,23.6,14.4602851323829,53.4633294528522,9.86612339930151,10.87949743004,59.0922315973232,58.6253369272237,79.0681971640783,15.1045178691841,6.47773279352227,38.1081081081081,20.1374570446735,25.979381443299,53.8831615120275,10.1,10,7.79345734445157,3.39961513790892,29.4419499679282,11.8986529826812,2.83835792174471
"83",0.00483665676707679,0.000339414509970301,0.0013576580398812,0.0010182435299109,0.000339414509970301,0.00169707254985151,0.00958845990666101,11785,1.4,8417.85714285714,11.7238987166146,70600,4.47047179148796,52980.2745398773,16.5,15.6,16.4964949710454,36.2999085644621,7.20816824138982,2.92810219531807,44.0338311490399,58.7095191364082,12.3420439209913,7.25153374233129,2.19578017664377,40.6704461424698,3.06501048556219,13.4537828682046,83.4650750120987,5.2,4.3,9.03691132795927,4.41238862961392,201.400084853627,192.235893084429,120.364870598218
"84",0.0055916189986503,0.000642714827431069,0.00224950189600874,0.000321357413715534,0.000128542965486214,0.00115688668937592,0.0100906227906678,15559,1.2,12965.8333333333,32.1673525377229,33323,6.6270783847981,25150.2785714286,25.2,23,10.4413946587537,49.5084399925802,5.39788536449638,8.30534462616822,63.3345697329377,40.6312625250501,80.060120240481,12.2244488977956,11.5731462925852,32.3971915747242,22.2817593212771,28.6894396070551,48.9618218352311,11.6,11.5,10.2834372388971,4.85249694710457,93.2579214602481,35.5099942155666,6.68423420528312
"85",0.00636184722412925,0.000915373701313561,0.00256304636367797,0.000915373701313561,0.000503455535722459,0.00137306055197034,0.0126321570781271,21849,2.3,9499.56521739131,22.1783295711061,31771,7.11703139866793,25519.8940520446,15.8,15.3,16.6793370837768,58.4676193371846,7.41866828823351,6.75432276657061,81.9245971419884,31.8734793187348,79.2416140009723,17.4356483729966,4.85908649173955,31.840311587147,21.2066798347998,30.5620398635303,48.2133237565092,9.6,9.2,10.3437228248432,4.87436495949471,83.4363128747311,32.1525012586388,4.48533113643645
"86",0.0105516228128757,0.00100173634299452,0.00320555629758248,0.00233738480032056,0.000200347268598905,0.00186990784025644,0.0191665553626286,14974,1.5,9982.66666666667,23.6824093086927,32724,6.08170844939647,23466.6012658228,24.4,21.6,24.9186602870813,69.5194332758951,16.9634309783649,7.80239019563066,44.8506891271057,60.3228962818004,71.8199608610568,17.7506112469438,9.00195694716243,46.1764705882353,12.0818661971831,24.3838028169014,63.512323943662,9.2,9.5,8.64832376118606,4.3408574863096,103.546146654201,32.2559102444237,7.41284893815948
"87",0.00208986415882968,0.000334378265412748,0.00125391849529781,0.000376175548589342,0.000167189132706374,0.00083594566353187,0.00505747126436782,23925,5.3,4514.15094339623,36.0043907793633,32997,8.03603603603604,25542.1709006928,29.6,26.7,16.9869983041266,49.109918055948,8.27917490816615,10.9215206758559,60.8142493638677,63.0921052631579,88.0842659644503,19.3293885601578,9.61158657011192,42.7631578947368,24.8545018829168,28.6203355015406,46.559397466621,10.6,10.3,8.94461859979101,4.24242424242424,39.9791013584117,15.1097178683386,2.88401253918495
"88",0.00460247270101976,0.000360978251060374,0.00121830159732876,0.00130854616009385,9.02445627650934e-05,0.000360978251060374,0.00794152152332822,22162,1.9,11664.2105263158,25.8010118043845,33528,8.25892857142857,25237.5714285714,20.4,19.2,13.2100991884581,48.4220018034265,3.33633904418395,7.79419715264012,37.979251240415,41.4201183431953,96.6863905325444,11.9385342789598,9.3491124260355,30.7692307692308,32.8556263269639,27.4946921443737,39.5966029723992,8.5,9.2,8.52811118130133,3.92563848028156,27.5245916433535,10.8744698131938,1.98538038083205
"89",0.00407149950347567,0.00099304865938431,0.00218470705064548,0.00119165839126117,9.9304865938431e-05,0.000695134061569017,0.00923535253227408,10070,1.6,6293.75,23.4633179114342,35047,6.39259091935848,27239.4445224719,19.2,18,12.994555353902,50.4901960784314,7.15323166303558,7.62975964466096,55.4910147032129,39.732805541811,95.0519544779812,12.4690747154874,7.4220682830282,32.9207920792079,18.8343689736447,31.0263552603385,50.182129847868,9,8.4,9.48361469712016,4.41906653426018,145.531281032771,62.3138033763654,11.5690168818272
"90",0.00689127105666156,0.00146178476959488,0.00229709035222052,0.000835305582625644,6.9608798552137e-05,0.000974523179729918,0.0125295837393847,14366,2.6,5525.38461538462,14.3658810325477,44576,3.93811533052039,27844.3333333333,27.1,27.1,23.6352729454109,56.3287342531494,10.0479904019196,2.71610769957487,57.7684463107379,36.4417989417989,48.6450760079313,9.92063492063492,5.15873015873016,46.2408516300732,9.45491251682369,21.1305518169583,69.414535666218,9.8,9.6,10.0584713907838,5.15105109285814,59.7243491577335,25.5464290686343,13.9217597104274
"91",0.00630744278248333,0.00153180753288881,0.00144170120742476,0.000901063254640476,0.000630744278248333,0.00261308343845738,0.0134258424941431,11098,1.5,7398.66666666667,21.6943784639747,44177,6.29744166432387,32737.22625,15,13.4,10.3409347482502,45.2821670428894,5.4627539503386,5.7997833543961,40.0451467268623,46.1493239271017,95.0646298472385,11.1045828437133,6.63924794359577,31.0810810810811,18.5095507129405,28.0064568200161,53.4570890503094,8.5,7.8,12.7500450531627,6.71292124707154,92.9446747161651,49.288160028834,17.4806271400252
"92",0.00488219061770325,0.000495294700346706,0.00106134578645723,0.00169815325833156,0.00014151277152763,0.00134437132951249,0.00962286846387887,14133,1.9,7438.42105263158,23.9930555555556,30878,6.89782368129841,23227.2314241486,27.2,25,17.8190736722951,56.9528301886793,9.29245283018868,9.198840796485,76.4267521931893,47.0428648941942,81.3025780189959,19.1806836679327,7.97396257119609,35.828586927041,20.387007601935,30.3386316516932,49.2282884128081,10.6,9.8,10.8257270218637,5.30672893228614,206.997806552041,69.1643670841293,11.3917781079742
"93",0.00627986348122867,0.000764505119453925,0.00264846416382253,0.00111945392491468,0.000273037542662116,0.000546075085324232,0.0116313993174061,36625,3.7,9898.64864864865,19.6793002915452,55199,7.67656090071648,40376.6746575342,15.8,15.1,6.2374245472837,23.6122284794851,2.13193885760257,1.55489992823539,27.1813429835143,41.704857928506,94.2254812098992,5.59633027522936,9.54128440366972,28.6764705882353,14.1444114737883,20.4253214638971,65.4797230464886,7.7,8.9,10.7576791808874,5.25597269624573,13.2559726962457,8.20477815699659,5.20136518771331
"94",0.00362394591957628,0.00111506028294655,0.00202104676284062,0.000627221409157433,0.000209073803052478,0.00118475155063071,0.00878109972820406,14349,1.7,8440.58823529412,19.5454545454545,47710,6.48148148148148,37221.5,15.2,13.5,6.23806492679822,27.8980891719745,1.65605095541401,2.98792116973935,31.0191082802548,31.7391304347826,97.6811594202899,6.23188405797101,12.1739130434783,31.8840579710145,15.1718983557549,26.3079222720478,58.5949177877429,6.6,6.7,9.19924733430901,4.49508676562827,23.6950310126141,15.2972332566729,6.13283155620601
"95",0.00868112428749263,0.000622420231933434,0.00448797746183581,0.00153967110004586,0.000818973989386097,0.00140863526174409,0.0175588023324379,30526,2.8,10902.1428571429,21.5827338129496,54460,6.11967361740707,31778.1726804124,16.7,15.8,8.41509433962264,32.80483201208,2.37825594563986,2.29981183357725,27.4339622641509,51.6129032258064,90.5852417302799,6.96095076400679,7.97285835453774,35.6899488926746,16.3372859025033,20.0702678963549,63.5046113306983,5.2,5.7,12.2846098407915,5.50350520867457,20.6381445325296,10.1061390290244,5.30695145122191
"96",0.00346462436177972,0.000455871626549964,0.00282640408460977,0.000182348650619985,0.000455871626549964,0.00191466083150985,0.00929978118161926,10968,1.9,5772.63157894737,13.8662316476346,89330,4.55259026687598,48877.3173076923,12,13.2,11.6899618805591,26.9377382465057,5.08259212198221,1.65016501650165,26.7259635747565,61.3756613756614,88.3802816901408,6.07394366197183,5.72687224669604,33.9506172839506,5.75,14.3,79.9,6.9,5.5,9.80123997082422,4.78665207877462,37.381473377097,27.5802334062728,22.4288840262582
"97",0.00167624521072797,0.000319284802043423,0.00055874840357599,0.000239463601532567,0.00055874840357599,0.00103767560664112,0.00439016602809706,12528,1.2,10440,12.3417721518987,114174,3.8870893105044,53795.9166666667,12.9,15.1,11.0569105691057,29.1293734743694,5.45158665581774,1.35696040868455,20.7723577235772,61.4672364672365,73.6279401282965,5.41310541310541,8.04843304843305,36.1111111111111,4.14414414414414,16.3963963963964,79.4594594594595,5.9,5.6,7.34355044699872,3.23275862068966,33.5249042145594,28.3365261813538,25.1037675606641
"98",0.00669120107059217,0.000621325813697845,0.00382354346890981,0.00100368016058883,0.000430148640252354,0.00124265162739569,0.0138125507814367,20923,4.6,4548.47826086957,29.6428571428571,29958,6.83760683760684,23378.0405405405,24.4,23.8,21.9481226192636,56.5753673136224,10.3391982586613,10.3830681694633,69.405150525934,54.7197640117994,71.779744346116,21.2001967535662,8.07086614173228,40.2168555938886,21.7899659863946,29.6768707482993,48.5544217687075,10.7,9.9,10.4669502461406,4.8989150695407,77.2833723653396,25.8328155618219,3.39339482865746
"99",0.00131147540983607,0.000476900149031297,0.000834575260804769,0.000119225037257824,0.000119225037257824,0.000357675111773472,0.00321907600596125,16775,3.1,5411.29032258064,25.5725190839695,38527,6.48389904264578,28877.9780927835,16.8,15.3,13.2976827094474,51.7818959372773,6.09408410548824,5.5728181572548,45.1888809693514,38.2958801498127,73.0841121495327,12.2429906542056,7.02247191011236,30.834114339269,28.5536676336511,28.0563613758806,43.4314131786158,8,8.3,10.1341281669151,4.91803278688525,44.0238450074516,18.8375558867362,5.30551415797317
"100",0.00186172463400186,0.000253871541000254,0.00169247694000169,0.000592366929000592,0.000253871541000254,0.00296183464500296,0.00761614623000762,11817,1.6,7385.625,19.054441260745,47709,7.61472516389309,36711.6575342466,8.2,7.9,4.98753117206983,33.014553014553,1.66320166320166,3.8576406172225,20.7068607068607,20.5850487540628,95.9913326110509,7.03463203463204,6.06717226435536,21.8004338394794,19.5323916220166,28.8358499756454,51.631758402338,6.1,5.4,10.3664212575104,5.07743082000508,45.0621985275451,28.6874841330287,10.2817974105103
"101",0.00093179276928811,0.000652254938501677,0.00195676481550503,0.000186358553857622,0.000372717107715244,0.00111815132314573,0.00521803950801342,10732,2.5,4292.8,13.3582089552239,112766,3.55260589498341,43035.8720930233,18.3,20.1,10.7697678477919,28.8756983240223,3.40432960893855,1.52329162025814,25.3840782122905,61.9585687382298,71.7514124293785,5.02354788069074,7.53059303420144,40.6496373383791,6.02890833016356,16.2419170787372,77.7101559528338,6.7,6.9,12.6723816623183,6.24301155423034,114.051434960865,68.3935892657473,56.6064107342527
"102",0.00273309386225207,0.000234265188193035,0.00148367952522255,0.000624707168514759,0.000312353584257379,0.00015617679212869,0.00554427612056848,12806,1.6,8003.75,16.370808678501,67757,4.11909558988135,42493.2232375979,13.7,14,10.7407407407407,48.8703703703704,5.55555555555556,3.79129806824337,47.0457492128172,39.035449299258,63.2164948453608,7.13696369636964,3.96039603960396,33.4712453454696,9.81188542112014,22.0179563916203,68.1915348439504,7.2,6.4,11.7913478057161,5.85662970482586,83.7107605809777,56.1065125722318,35.0616898328908
"103",0.000988207391791291,0.00105408788457738,0.0023716977402991,0.000131760985572172,0.000131760985572172,0.000395282956716516,0.00507279794452863,15179,3.2,4743.4375,20.3016241299304,45936,6.01651592607157,29612.2983425414,17,15.1,15.4685494223363,51.4927768860353,9.56661316211878,5.51250551250551,34.788189987163,45.9770114942529,84.2364532019704,11.5668580803938,6.65024630541872,35.7142857142857,12.5518281191104,25.5559743686393,61.8168111571806,7.2,6.5,13.8349034850781,6.81863100335991,50.7609196916793,23.2558139534884,9.58561170037552
"104",0.00381010182750017,0.000168588576438061,0.00131499089621687,0.000438330298738957,0.000134870861150448,0.000337177152876121,0.00620405961292063,29658,1.3,22813.8461538462,15.4598825831703,56526,2.60564922268448,27511.6865671642,37.7,39.7,32.91015625,40.8318687756298,8.88498340167936,1.84129937589642,62.1948838117555,67.9376657824934,28.7230514096186,12.6036484245439,2.62023217247098,57.2196104768301,2.92397660818713,23.9766081871345,73.1203007518797,10.2,9.5,8.48000539483445,3.8943961157192,45.8223750758649,19.7585811585407,11.6663294895138
"105",0.00164304785376874,0.00082152392688437,0.00225919079893202,0.000273841308961457,0.000205380981721093,6.84603272403642e-05,0.00527144519750804,14607,2.3,6350.86956521739,16.8039538714992,52035,4.1537157389093,32818.5100671141,23.7,24.7,23.2789212207239,59.720908230842,11.9205298013245,3.45859039072724,68.6140018921476,41.2381951731375,39.4543546694648,11.4900314795383,3.62014690451207,45.4976303317536,6.99599465954606,19.652870493992,73.3778371161549,7.7,6.8,11.3301841582803,5.78489765181078,68.0153351133018,35.3939891832683,17.9708359005956
"106",0.00215802297250261,0.001253045596937,0.00139227288548556,0.000208840932822833,0.000208840932822833,0.000278454577097111,0.00549947789766794,14365,1.9,7560.52631578947,18.1818181818182,47246,3.50544765513974,29485.2173913043,18.4,19.7,16.5086887835703,59.494670351362,8.4484800631662,3.15493386042269,65.1916238640853,42.2340425531915,90.6382978723404,7.12765957446809,6.50319829424307,38.6752136752137,11.6091438816674,21.3805468399821,66.9654863290004,8,6.3,11.2077967281587,5.15140967629655,43.9958231813435,19.3525931082492,10.1635920640446
"107",0.00424328147100424,0.000895803866100896,0.00108439415370108,0.000471475719000471,4.71475719000472e-05,0.00141442715700141,0.00815652993870816,21210,2.2,9640.90909090909,13.0649137222679,123077,3.54207990932275,50026.5930851064,9.4,9.6,9.7144093466032,29.4461272176547,5.4521852012116,1.65691168875882,20.9604153147307,30.1393728222997,86.2369337979094,7.08478513356562,5.45876887340302,27.0081490104773,10.6950431034483,20.5549568965517,68.7769396551724,5.5,5.3,10.6789250353607,5.28052805280528,35.973597359736,20.8863743517209,26.5676567656766
"108",0.00729466227116504,0.00154310163428491,0.00238479343480396,0.00231465245142737,0.000350704916882935,0.00140281966753174,0.015290734376096,14257,1.8,7920.55555555556,39.7142857142857,33829,8.44354018311292,25551.7703488372,28,25.4,15.3061224489796,53.8098978790259,5.65593087195601,7.9823627793827,59.0266875981162,66.2264150943396,95.0943396226415,19.2452830188679,8.86792452830189,35.7277882797732,30.5423406279734,28.8296860133207,40.627973358706,11.4,9,11.71354422389,5.75156063688013,24.4792031984288,8.87283439713825,1.33267868415515
"109",0.00311401305876444,0.000703164239075841,0.000904068307383225,0.00060271220492215,0.000100452034153692,0.00150678051230537,0.00693119035660472,9955,1.5,6636.66666666667,20.6984126984127,33256,5.91154261057174,25504.8093415008,23.4,22.5,17.1364730147817,54.5189003436426,6.76975945017182,7.66021361815754,72.4226804123711,34.958217270195,65.754060324826,14.3985137018114,5.06035283194058,38.3325570563577,19.2932575142161,30.889520714866,49.817221770918,8.8,9,12.3053741838272,6.68006027122049,157.759919638373,62.7825213460573,12.4560522350578
"110",0.00352685838307108,0.000723458129860734,0.000723458129860734,0.00099475492855851,0,0.000813890396093326,0.00678241996744438,11058,1.7,6504.70588235294,41.9098143236074,25989,7.95814838300571,20633.0837988827,33,28.6,18.6963581535607,58.9149084164155,9.4829584975655,18.4708101393937,80.8485972640853,66.6211604095563,82.7986348122867,26.6393442622951,13.6612021857924,36.8169398907104,37.842617152962,30.621868552903,31.5649867374005,12.7,11.3,13.0674624706095,6.69198770121179,113.718574787484,27.5366250678242,1.71821305841924
"111",0.00552908388024813,0.0012586532410321,0.00143846084689382,0.00184302796008271,0.000134855704396296,0.00166322035422098,0.011867301986874,22246,5.1,4361.96078431373,25.5369928400955,48511,5.44844928751048,29439.3544776119,24.5,22,6.11581001951854,31.4899154196487,2.73259596616786,4.91782062896337,38.5165907612232,45.8466453674121,97.444089456869,7.18849840255591,9.2948717948718,31.0897435897436,18.7250996015936,21.4342629482072,59.9203187250996,8.5,9.5,12.3617729029938,6.31574215589319,15.7781174143666,6.83268902274566,4.29290658994876
"112",0.00821043028736506,0.00136840504789418,0.00258476509046678,0.00319294511175308,0.000456135015964726,0.00319294511175308,0.0190056256651969,6577,1.8,3653.88888888889,23.5595390524968,34768,7.41211351122406,27474.6219211823,17,16.1,19.247009148487,60.2040816326531,10.0281491907108,6.94395735428211,45.7585357268567,50.5226480836237,83.2606800348736,17.0157068062827,7.57839721254355,34.235807860262,20.5989477944152,24.929178470255,54.4718737353298,8.7,8.6,12.9998479549947,6.46191272616695,120.039531701384,48.9584917135472,10.1870153565455
"113",0.0081702979101823,0.00205646954201868,0.00188972876834149,0.00138950644730992,0.00016674077367719,0.00311249444197421,0.0167852378835038,17992,2.6,6920,10.9848484848485,308010,1.97144799456152,68528.5588235294,8.8,9.4,8.5465432770822,34.2950462710942,3.59281437125748,0.917332182171379,30.1034295046271,9.10493827160494,70.679012345679,1.69753086419753,3.08641975308642,22.8395061728395,7.9406068431246,19.3673337637185,72.7566171723693,8,8,12.338817252112,6.14161849710983,14.9232992441085,8.75389061805247,16.8963983992886
"114",0.00175328741390106,0.000125234815278647,0.000876643706950532,0.000250469630557295,0.000125234815278647,0.000626174076393237,0.00375704445835942,7985,1.7,4697.05882352941,21.9387755102041,44557,5.73684210526316,30697.0456730769,22.6,21.7,12.3620309050773,42.2771403353928,6.0017652250662,7.00060874858683,27.6699029126214,68.0494263018535,90.4677846425419,15.0926743159753,11.2091791703442,40.2298850574713,16.8607594936709,23.2405063291139,59.9493670886076,8.2,7.8,11.2711333750783,5.88603631809643,71.8221665623043,35.003130870382,12.5860989355041
"115",0.00654748767748106,0.00139777826822629,0.00235415287280218,0.0018391819318767,0,0.00147134554550136,0.0136099462958876,13593,2.1,6472.85714285714,35.1983723296033,32483,8.51221317542561,25242.0917721519,24.7,22.3,17.3679751482632,54.9435028248588,8.33333333333333,10.3057948977868,65.6876588534312,59.5219737856592,89.1287586738628,21.9907407407407,10.1002313030069,40.3549382716049,29.7768479776848,28.9400278940028,41.3179916317992,10,9.7,13.3524608254248,6.47392040020599,71.0292062090782,24.8289560803355,3.49444567056573
"116",0.00142143524347155,0.00109653575924948,0.00207123421191569,0.000527961661860862,0.000121837306583276,0.00028428704869431,0.00552329123177517,24623,4.6,5352.82608695652,14.6718146718147,63012,5.17068273092369,39475.7965116279,20.8,19.1,9.36789449749886,34.3039126478617,3.32120109190173,3.04224869311852,28.8444040036397,55.7020946470132,70.4739704739705,5.58572536850272,10.6366459627329,38.8500388500388,7.56013745704467,20.2749140893471,72.3613156602847,8,8.7,10.9044389392032,5.66543475612233,20.4483612882265,12.285261747147,7.79758762132965
"117",0.00327324801672993,0.000591003114131794,0.00115927533925852,0.000795581115177415,0.000113654445025345,0.000340963335076035,0.00627372536539904,43993,7.1,6196.19718309859,21.6696269982238,35112,8.33851897946484,28519.7471910112,14.2,13.2,18.2139253279516,53.356890459364,6.91569914184755,4.47011551983928,36.1938414941948,35.3260869565217,99.320652173913,13.5869565217391,7.7445652173913,29.9319727891156,34.7387173396675,25.8313539192399,39.4299287410926,7.2,6,13.0247993999045,6.70561225649535,11.8996203941536,5.45541336121656,0.863773782192622
"118",0.00295124972673614,0.00065583327260803,0.00207680536325876,0.000364351818115572,0.000218611090869343,0.000255046272680901,0.00652189754426875,27446,5.5,4990.18181818182,10.9375,165047,3.68392952482648,53431.8601694915,12.5,14,7.52984389348026,26.5165441176471,2.61948529411765,2.27935813274982,17.1796049609554,59.7966728280961,83.456561922366,4.34782608695652,7.11645101663586,36.8715083798883,5.08035251425609,17.5220321410057,77.3457750129601,6.6,6.2,11.7139109524157,6.15754572615317,13.7542811338629,9.69175836187422,10.4933323617285
"119",0.00755811870903034,0.00168356198731955,0.00286563742522477,0.000752229824121503,0.000394025145968406,0.000358204678153097,0.0136117777698177,27917,10.2,2736.96078431373,14.6766169154229,54045,6.59186535764376,42620.0588235294,6.2,6,3.93553223388306,37.4062968515742,1.57421289355322,3.40517886543931,43.5532233883058,6.38540478905359,95.4337899543379,3.42465753424658,3.99543378995434,17.5057208237986,11.5728328865058,25.201072386059,63.2260947274352,7.6,6.2,13.0386502847727,6.93126052226242,18.1430669484543,13.1640219221263,6.73424794927822
"120",0.00707826860361696,0.000926474948117403,0.00311295582567447,0.000926474948117403,0.000592943966795138,0.00170471390453602,0.0143418321968574,26984,7.4,3646.48648648649,21.9727891156463,36232,7.78238594779214,27934.5298507463,19.5,18,12.488120129253,49.8669201520913,6.92015209125475,6.04061666172547,61.2664004563605,34.3783783783784,88.7445887445888,13.5675675675676,6.645056726094,34.3614718614719,19.3837663830766,28.3513451368131,52.2418946884341,8.7,8.3,12.8780017788319,6.89297361399348,48.3249332938037,22.5504002371776,5.00296471983398
"121",0.00902853015529072,0.000722282412423258,0.00411700975081257,0.0019501625135428,0.000794510653665583,0.00166124954857349,0.0182737450343084,13845,1.8,7691.66666666667,18.6206896551724,51181,6.20927558451514,32866.38,14.9,13.8,15.8038976857491,45.584652862363,8.19123020706455,2.54978144730452,38.3982947624848,45.8841463414634,75.7437070938215,14.5690312738368,4.9618320610687,34.14820473644,12.7059685097034,23.7641889417796,63.4932259245697,6.1,7.5,12.1343445287107,6.35608522932467,54.8212351029253,26.4716504153124,12.8927410617551
"122",0.00753667399398861,0.000628056166165717,0.00327486429500695,0.000807500785070208,0.000269166928356736,0.000986945403974698,0.0135032075725629,22291,6,3715.16666666667,20.0680272108844,44718,6.20248099239696,30594.2028688525,17.9,15.5,7.72396327951884,36.9303797468354,3.79746835443038,4.54973329149671,41.5691236950332,33.1075359864522,97.4619289340102,8.3756345177665,7.3728813559322,29.1278577476715,16.3396226415094,29.622641509434,54.0377358490566,9.7,9.5,10.8788300210847,5.54035260867615,33.1972544973308,16.2173074334933,6.68431205419227
"123",0.00577345465955444,0.000439284593661751,0.00376529651710072,0.00106683401317854,0.000188264825855036,0.00112958895513022,0.0123627235644807,15935,7.1,2244.3661971831,20.6766917293233,41717,8.34397616006811,30000,13.4,13.3,13.4656272147413,43.2116270825948,3.97022332506203,3.21941555225359,25.1418439716312,37.3297002724796,95.8219800181653,8.8021778584392,7.2661217075386,32.0909090909091,27.7868852459016,23.5655737704918,48.5655737704918,7.2,7,13.3981801066834,7.05993096956385,44.6187637276436,22.0269846250392,6.58926890492626
"124",0.0101033697366116,0.000584009811364831,0.00251124218886877,0.000992816679320213,0.000175202943409449,0.0010512176604567,0.0154178590200315,17123,3.6,4756.38888888889,16.015625,55225,5.03267973856209,34363.9703389831,14.2,12.2,7.03491401771756,29.7705943691345,2.45046923879041,1.50010345541072,25.8467952058364,35.6234096692112,98.4732824427481,5.73248407643312,8.6624203821656,30.3184713375796,18.1132075471698,21.0062893081761,60.8805031446541,6.2,6.4,12.6438124160486,6.57011037785435,24.3824096244817,12.1766045669567,8.32213981194884
"125",0.00630452312880287,0.000586467267795616,0.00109962612711678,0.000659775676270068,0.000293233633897808,0.000953009310167876,0.00989663514405102,13641,2,6820.5,17.319587628866,51846,6.60516605166052,37765.1808510638,13.6,12.3,6.32503660322108,32.6309628328943,2.39976587649985,2.56111757857974,29.8009367681499,29.3238434163701,97.7207977207977,6.90883190883191,9.04558404558405,27.0848182466144,17.7872643187478,21.6648879402348,60.5478477410174,6.9,7.6,11.9492705813357,6.08459790337952,51.572465361777,31.0827651931677,16.6410087237006
"126",0.00603927528696556,0.00139983202015758,0.00263968323801144,0.00163980322361317,0.000399952005759309,0.00111986561612606,0.0132384113906331,25003,6,4167.16666666667,19.2660550458716,37379,5.80315691736305,25925.3333333333,23.5,23.7,24.4220730797912,66.6231586798434,14.1152340108148,8.46549110938598,70.9226467847158,48.8955823293173,71.5002508780733,15.7973921765296,6.88096433952788,40.9159536990438,11.0013175230567,22.9249011857708,66.0298638559508,9.6,9.5,12.6384833819942,6.35923689157301,56.4532256129265,22.3973123225213,7.13914330280366
"127",0.00680907877169559,0.00130173564753004,0.00203604806408545,0.0017022696929239,0.000534045393858478,0.00100133511348465,0.0133845126835781,29960,7.4,4048.64864864865,24.0713224368499,31692,7.91896869244936,25236.7921440262,22.3,20.1,14.9712879409352,60.2461538461539,8.04102564102564,8.83893932728073,77.6866283839212,38.7464387464387,60.4214123006834,19.5899772209567,6.89458689458689,38.1631488876212,19.7466467958271,29.7317436661699,50.5464480874317,9.7,10.1,15.3871829105474,7.76034712950601,44.6428571428571,16.2216288384513,2.41989319092123
"128",0.00454602853895694,0.00113650713473923,0.00244138569684725,0.000799764280001684,0.00054720713894852,0.000378835711579745,0.00984972850107337,23757,7.9,3007.21518987342,19.8626518753302,39740,7.54071661237785,28759.6724683544,17.1,16.4,11.8800939356265,39.7597016986604,3.67352575611103,4.35494880546075,33.899475283071,50.0980392156863,88.0274779195289,8.68997059784384,8.14257684761282,37.2626064178127,22.3709068010076,23.0950881612091,54.5497481108312,7.2,7.6,14.1642463273982,7.49252851791051,81.197120848592,36.9364818790251,11.4071642042345
"129",0.0023013773915433,0.000515233744375365,0.001889190396043,0.000480884828083674,0.000171744581458455,0.00034348916291691,0.00570192010442071,29113,7.3,3988.08219178082,28.6377708978328,34168,7.79642663779101,27075.9052419355,19.4,18.1,18.0168595513645,55.7571428571429,8.98571428571429,8.64429989729545,57.3264781491003,52.2285714285714,89.5277989337395,18.9477697293176,9.87418985894015,33.5116545662973,29.3474547318073,28.5787495729416,42.0396310215237,7.9,8,12.6919245697798,6.37172397210868,65.4003366193797,25.675814928039,4.17339332944046
"130",0.00274725274725275,0.00120427517687792,0.0023709167544784,0.000903206382658437,0.000413969592051784,0.000451603191329219,0.0080912238446485,26572,9.4,2826.8085106383,21.384750219106,54324,6.75512665862485,36010.0372340426,18.8,18,9.51927653498334,28.1770585435507,4.78343645882913,2.99331181890464,30.8186577820086,45.6427015250545,95.5882352941177,8.49673202614379,7.51224823081111,31.2977099236641,13.2408210465452,22.6366001734605,64.0936686903729,8.2,8.7,11.9486677705856,6.11545988258317,33.230468161975,17.9324100556977,11.0642781875659
"131",0.00303251892635926,0.000430144528561597,0.00169907088781831,0.000731245698554714,0.000236579490708878,0.000430144528561597,0.00655970406056435,46496,37.6,1236.59574468085,19.0639269406393,101551,5.11590727418066,40788.2094594595,10.5,10.5,7.93285055957867,39.1447368421053,3.38815789473684,5.76118442227229,21.2639894667544,43.8848920863309,83.44,8.15347721822542,6.23501199040767,30.4,13.1931166347992,24.282982791587,62.5239005736138,6.1,5.7,14.4098417068135,7.50602202339986,13.3237267721955,8.0544562973159,5.64564693737096
"132",0.00504635338174179,0.000730693702333653,0.00148422158286523,0.00118737726629219,0.000114170890989633,0.000319678494770973,0.00888249531899347,43794,8.9,4920.67415730337,31.6134316134316,30033,7.41394527802295,24484.9716981132,26,23.5,16.9438202247191,58.4269662921348,10.4044943820225,11.0862311204777,78.0372782393892,55.0568900126422,70.0379266750948,22.8824273072061,11.1883691529709,35.8001265022138,21.7030688415814,31.2137130218413,47.055570915123,10.8,9.8,15.0705576106316,7.64944969630543,28.1659588071425,9.43051559574371,1.14170890989633
"133",0.00232001197425535,0.000224517287831163,0.00112258643915582,0.000374195479718605,7.4839095943721e-05,7.4839095943721e-05,0.00419098937284838,13362,5.4,2474.44444444444,34.368932038835,32012,6.41562064156206,25362.7115384615,23.2,20.4,11.3816834303864,50.0264690312335,5.61143462149285,11.6328257191201,67.3901535203812,45.5813953488372,74.0683229813665,17.7293934681182,10.8695652173913,33.5403726708075,24.4764397905759,34.2931937172775,41.2958115183246,10,10.5,13.8452327495884,7.14713366262536,37.6066457117198,13.9200718455321,2.24517287831163
"134",0.00600288138306387,0.000640307347526813,0.00272130622698895,0.00104049943973107,0.000160076836881703,0.00048023051064511,0.0110453017448375,12494,5.1,2449.80392156863,27.2121788772598,48134,6.21292538245395,28400.3226744186,21.3,19.1,15.9963436928702,44.7007766103243,9.36500685244404,4.40282495977114,40.4707495429616,58.1564584596725,78.5194174757282,16.737416616131,8.36363636363636,36.4463311097635,15.6615925058548,25.4098360655738,59.0163934426229,8.9,9.1,15.3673763406435,7.88378421642388,82.5996478309589,32.0153673763406,14.0467424363695
"135",0.00681753079346892,0.000630191922085362,0.00103122314523059,0.000458321397880264,0,0.000802062446290461,0.0097393297049556,17455,5.6,3116.96428571429,19.4495412844037,47002,5.92885375494071,36938.4086538462,9.7,9.1,5.42656587473002,44.2105263157895,1.88933873144399,5.7564019797719,27.6923076923077,15.3678077203205,76.1661807580175,6.62782228696285,6.4,22.6841721371262,15.3241032095658,26.589049716803,58.1497797356828,7.4,7.4,15.3251217416213,7.90604411343455,46.2904611859066,29.9914064737897,10.8278430249212
"136",0.0118282710280374,0.000438084112149533,0.00240946261682243,0.00186185747663551,0.000255549065420561,0.0019713785046729,0.0187646028037383,27392,9.6,2853.33333333333,25.5054432348367,38255,6.4185544768069,29779.2417582418,18.3,16.8,13.7314734088928,50.6102877070619,7.10549258936356,8.94665766374072,39.424334932403,47.4372955288986,61.2445414847162,14.6128680479826,6.76117775354417,37.0087336244542,17.7072671443193,27.7891504605937,54.503582395087,7.9,8.4,14.3472546728972,7.46568341121495,20.9185163551402,10.6965537383178,2.26343457943925
"137",0.00551556511171356,0.000616995419276433,0.00140226231653735,0.00106571936056838,0.000280452463307469,0.00072917640459942,0.00961017107600262,53485,12.2,4384.01639344262,23.7762237762238,28654,6.82941903584672,21331.9835766423,34.7,30.8,21.5377595254392,64.0054744525548,12.7509124087591,14.1111567045092,78.5763175906913,55.3639846743295,47.5430759412891,28.3524904214559,10.6641123882503,44.9553001277139,21.8135158254919,27.6589677787283,50.6415739948674,10.6,10.4,14.3404692904553,7.71244274095541,22.9690567448817,6.30083200897448,1.03767411423764
"138",0.00790305584826133,0.000878117316473481,0.00294169301018616,0.00162451703547594,0.000307341060765718,0.00114155251141553,0.0147962767825782,22776,3.2,7117.5,17.4506828528073,85099,4.15647921760391,37671.1904761905,15.5,15.5,15.9099881563364,39.2504930966469,8.99408284023669,3.94346400124941,28.1767955801105,65.9320477502296,91.651376146789,14.2332415059688,6.70339761248852,35.7208448117539,8.29406220546654,20.6409048067861,71.1121583411876,7.4,7.3,13.6766772040745,7.02493853178785,23.3579206181946,12.1838777660695,9.24218475588339
"139",0.00872996890696006,0.000478354460655346,0.00191341784262138,0.00101650322889261,0.000119588615163836,0.00167424061229371,0.0139320736665869,16724,3.1,5394.83870967742,10.8928571428571,204521,2.98177802319161,55247.4090909091,10.7,11.2,9.39122227465786,25.978312116926,4.38472418670438,1.25792023853895,16.7452830188679,46.8686868686869,81.6801619433198,3.43781597573306,6.47118301314459,33.3333333333333,7.42734122712594,17.2766415500538,75.2421959095802,5.6,5.7,14.1114565893327,7.35469983257594,21.1372877302081,15.2475484333891,17.4599378139201
"140",0.00393264091963295,0.000504184733286276,0.00171422809317334,0.000705858626600787,0.000100836946657255,0.000403347786629021,0.00736109710597963,9917,3.8,2609.73684210526,21.5483870967742,46206,6.73620165145589,32146.25,19.7,18.3,6.60639777468707,30.504347826087,2.3304347826087,3.43344662551155,39.1168289290681,40.5450041288192,97.9338842975207,7.92733278282411,10.6523534269199,32.6158940397351,16.4360587002096,22.7253668763103,60.8385744234801,7.2,6.7,10.7895532923263,5.74770595946355,65.7456892205304,33.3770293435515,16.6885146717757
