"Hood_ID","Assault","Auto.Theft","Break.and.Enter","Robbery","Theft.Over","population.2016","lone.parent.families.perc","avg.income","low.income.pop.perc","non.citizens.perc","immigrants.recent.perc","refugees.perc","vis.minorities.perc","renters.perc","houses.perc","less.than.high.school.perc","high.school.cert.perc","post.sec.or.above.perc","unemployment.rate","youth.perc"
"1",0.0321205571565802,0.0355727665706052,0.0150096061479347,0.00918587896253602,0.00582372718539866,33312,22.178,31771,15.8,16.679,7.419,6.754,81.925,31.873,79.242,21.207,30.562,48.213,9.6,16.345
"2",0.0317715603568611,0.00658493657826061,0.00424834617952297,0.0115615706742732,0.000455179947806033,32954,29.391,26548,27.9,23.454,14.377,19.755,86.674,55.241,71.154,30.684,30.257,39.118,12.1,15.901
"3",0.0217181467181467,0.00598455598455598,0.0083011583011583,0.00888030888030888,0.000965250965250965,10360,24.777,32815,17.8,14.765,7.111,10.956,64.296,37.957,97.256,24.717,27.874,47.409,10.4,13.417
"4",0.0268781460727514,0.00788298983759141,0.00588849843289961,0.00702820780700921,0.000474878905879001,10529,27.036,34418,18.6,11.395,6.033,8.785,51.786,43.88,97.139,22.464,30.659,46.819,10.9,12.917
"5",0.0261209813874788,0.00623942470389171,0.00581641285956007,0.00824873096446701,0.000528764805414552,9456,34.369,32012,23.2,11.382,5.611,11.633,67.39,45.581,74.068,24.476,34.293,41.296,10,15.176
"6",0.0205,0.00845454545454545,0.00659090909090909,0.00404545454545455,0.000818181818181818,22000,29.882,36674,24.9,15.378,8.326,13.545,59.736,47.977,66.71,23.513,31.04,45.531,9.9,13.705
"7",0.0169254378046579,0.0079436721429861,0.00744719263404947,0.00609315760967684,0.000812421014623578,22156,21.694,44177,15,10.341,5.463,5.8,40.045,46.149,95.065,18.51,28.006,53.457,8.5,11.848
"8",0.0135184508586043,0.00995615637559372,0.00959079283887468,0.00374497625137011,0.00146145414687614,10948,24.486,45615,14.6,8.408,3.411,6.805,27.138,39.178,77.751,17.956,26.617,55.485,7.4,10.367
"9",0.0060508529127776,0.00553588670743482,0.0108142903121983,0.00122304473768909,0.000901190859349855,15535,19.064,101551,10.5,7.933,3.388,5.761,21.264,43.885,83.44,13.193,24.283,62.524,6.1,11.651
"10",0.00588182064971496,0.00669622658582934,0.00977287123337255,0.00325762374445752,0.00108587458148584,11051,12.254,99055,7.2,6.024,2.443,2.896,19.058,15.415,99.87,10.302,21.629,68.123,6,14.343
"11",0.0134495373359156,0.00597159457714655,0.00634818162255218,0.00387346675274371,0.000860770389498601,18588,19.45,47002,9.7,5.427,1.889,5.756,27.692,15.368,76.166,15.324,26.589,58.15,7.4,12.965
"12",0.00672730718211105,0.00397953382603752,0.00824332006822058,0.00236877013454614,0.00066325563767292,10554,16.013,62378,8.3,5.694,2.823,4.927,13.343,25.668,64.925,11.745,24.753,63.557,6.2,11.086
"13",0.0175557056043214,0.00422012153950034,0.00692099932478055,0.00168804861580013,0.000506414584740041,11848,25.505,38255,18.3,13.731,7.105,8.947,39.424,47.437,61.245,17.707,27.789,54.504,7.9,12.323
"14",0.0189013988399864,0.00925736381212328,0.00984874331854885,0.00395769361992494,0.00320709655407711,43965,19.103,52787,15.8,12.318,6.594,6.608,37.097,41.94,56.788,11.87,22.497,65.593,7.3,10.781
"15",0.0121885449250351,0.00701110991263078,0.0119728184661849,0.00701110991263078,0.00140222198252616,9271,10.093,144642,4.5,3.275,1.037,1.294,12.002,18.41,80.474,7.19,17.018,75.66,7.5,11.757
"16",0.0133727196519101,0.00463055367051216,0.00838289888627201,0.0024749510997565,0.00115763841762804,25051,16.596,64140,11.6,8.194,4.038,5.449,18.454,35.325,94.22,13.052,21.905,65.043,6.7,9.92
"17",0.02879519491226,0.0041514544812154,0.00665410434577788,0.00197267695206689,0.00164880461665293,33964,18.197,54438,18.2,12.2,5.686,6.006,31.207,48.539,47.413,11.964,21.481,66.538,6.2,8.848
"18",0.0344586931867748,0.0041001483032365,0.0122132077117683,0.00724068742911978,0.00122132077117683,11463,26.99,44101,24.8,10.545,4.429,7.502,32.019,56.558,89.488,16.632,25.878,57.49,8.7,12.126
"19",0.0236017453391511,0.00466084886949623,0.0103133677112257,0.00396667988893296,0.000793335977786593,10084,22.078,47384,17.6,8.544,3.728,5.553,22.89,53.423,84.304,15.12,26.804,57.961,7.1,11.156
"20",0.0125269620043139,0.00489464078314253,0.0079641612742658,0.00232288037166086,0.00223992035838726,12054,19.054,47709,8.2,4.988,1.663,3.858,20.707,20.585,95.991,19.532,28.836,51.632,6.1,10.287
"21",0.0430090206185567,0.0219877577319588,0.0165109536082474,0.0110341494845361,0.00539626288659794,12416,23.665,30731,19.7,15.068,7.01,11.034,65.619,29.91,90.513,34.081,29.157,36.763,9.6,13.893
"22",0.0259890640077195,0.00984239305242843,0.00566098423930524,0.00508201994210357,0.00115792859440335,15545,30.877,29528,22.7,19.086,10.01,13.541,77.052,47.525,87.24,28.884,30.393,40.644,10.2,14.249
"23",0.0178138407013617,0.0118448050736803,0.00969968289498228,0.00671516508114158,0.00177205745196792,10722,21.895,39003,11.4,8.217,3.408,7.694,43.61,17.385,85.33,24.624,29.359,46.017,6,12.731
"24",0.0483507383723605,0.00906288816303998,0.00519850945392648,0.00970695128122556,0.00193218935455675,21737,41.91,25989,33,18.696,9.483,18.471,80.849,66.621,82.799,37.843,30.622,31.565,12.7,15.112
"25",0.0343380013774556,0.00590338132563707,0.00446033255714801,0.00577219507395625,0.000852710635925355,30491,40.509,27984,25.7,14.567,6.206,12.233,76.647,48.537,88.048,39.14,29.437,31.341,11.5,14.824
"26",0.0395697820381148,0.00967134542964738,0.00767431245007418,0.00656167979002625,0.00156909734109323,35052,28.638,34168,19.4,18.017,8.986,8.644,57.326,52.229,89.528,29.347,28.579,42.04,7.9,12.41
"27",0.0455912731489871,0.0151125285398471,0.0151850106911173,0.0103287065560106,0.00521871489145798,27593,29.643,29958,24.4,21.948,10.339,10.383,69.405,54.72,71.78,21.79,29.677,48.554,10.7,17.269
"28",0.0343023840659893,0.00663917110954632,0.00945578915602052,0.00663917110954632,0.000402374006639171,9941,41.971,31800,31.7,11.276,5.228,10.009,59.559,62.14,97.945,32.609,30.946,36.445,9.1,14.033
"29",0.0177034912471566,0.00642864207298981,0.00642864207298981,0.00395608742953219,0.00108792404312135,10111,22.898,37108,15.2,17.334,9.635,4.253,43.588,43.882,96.348,28.614,28.435,42.891,8.1,12.462
"30",0.0192600101368474,0.00574421354958608,0.00619474010249479,0.00433631807174635,0.00107000056315819,17757,35.198,32483,24.7,17.368,8.333,10.306,65.688,59.522,89.129,29.777,28.94,41.318,10,13.938
"31",0.0386382058902999,0.0141178059983788,0.0155363415293164,0.00675493109970278,0.00587679005674142,14804,25.573,38527,16.8,13.298,6.094,5.573,45.189,38.296,73.084,28.554,28.056,43.431,8,12.632
"32",0.0151081709279456,0.00429107813338101,0.00697300196674414,0.00424637940282496,0.000759878419452888,22372,27.212,48134,21.3,15.996,9.365,4.403,40.471,58.156,78.519,15.662,25.41,59.016,8.9,13.566
"33",0.0124453618261292,0.0104419621175328,0.0095313258863526,0.00188198154443905,0.00103205439533754,16472,18.621,51181,14.9,15.804,8.191,2.55,38.398,45.884,75.744,12.706,23.764,63.493,6.1,11.656
"34",0.0184590184590185,0.00768600768600769,0.011025011025011,0.00296100296100296,0.00182700182700183,15873,20.302,45936,17,15.469,9.567,5.513,34.788,45.977,84.236,12.552,25.556,61.817,7.2,12.191
"35",0.0128644287127959,0.00338737915810307,0.00692700007612088,0.00133211539925402,0.000647027479637665,26274,23.682,32724,24.4,24.919,16.963,7.802,44.851,60.323,71.82,12.082,24.384,63.512,9.2,12.769
"36",0.0172464437077756,0.00356678276194872,0.00851831647853636,0.00331500986110528,0.00092316730309261,23831,20.69,34904,26.3,26.703,15.492,5.728,58.531,47.433,75.781,11.762,26.476,61.762,8.4,13.952
"37",0.0139938592347662,0.00247992442135097,0.00590458195559754,0.00153519130845536,0.000590458195559754,16936,14.366,44576,27.1,23.635,10.048,2.716,57.768,36.442,48.645,9.455,21.131,69.415,9.8,13.138
"38",0.0130536995793121,0.00513486760702796,0.00940361296708736,0.00197970799307102,0.00123731749566939,16164,15.657,72371,17.6,19.197,9.15,2.877,43.137,41.61,61.002,7.692,20.073,72.161,7.2,13.054
"39",0.00946806679290756,0.00701497676019969,0.0170425202272336,0.00266827336891031,0.00202272336030298,23236,13.065,123077,9.4,9.714,5.452,1.657,20.96,30.139,86.237,10.695,20.555,68.777,5.5,13.815
"40",0.0125196496743768,0.00432292836290141,0.0186952616213788,0.00241410285200988,0.00269481248596452,17812,17.073,100516,15.9,14.791,7.921,3.032,50.58,33.281,81.726,9.574,20.844,69.581,8.3,14.288
"41",0.00928124325491043,0.00323764299589899,0.0197496222749838,0.000647528599179797,0.00183466436434276,9266,10.985,308010,8.8,8.547,3.593,0.917,30.103,9.105,70.679,7.941,19.367,72.757,8,15.325
"42",0.0115905398086297,0.00209424083769634,0.00927965336703376,0.00227477884094602,0.0013720888246976,27695,16.371,67757,13.7,10.741,5.556,3.791,47.046,39.035,63.216,9.812,22.018,68.192,7.2,9.839
"43",0.0158766419189035,0.00239862935465448,0.005653912050257,0.0019988577955454,0.0010850942318675,17510,27.97,35786,25.9,14.46,9.866,10.879,59.092,58.625,79.068,20.137,25.979,53.883,10.1,11.679
"44",0.0259426435052204,0.00145898873843068,0.00442255961336798,0.00410340582683627,0.000866274563443213,21933,23.776,28654,34.7,21.538,12.751,14.111,78.576,55.364,47.543,21.814,27.659,50.642,10.6,13.974
"45",0.0176124120097687,0.00393621606091079,0.00689556098261744,0.00287315040942393,0.000689556098261744,34805,26.474,42516,20.6,13.852,8.033,8.418,54.924,60.255,88.589,14.33,26.514,59.138,9.2,13.461
"46",0.0102414970287015,0.00278164116828929,0.00480465292704514,0.00221266911113921,0.000821848526994563,15818,18.51,36346,17.5,20.595,8.352,4.678,64.252,24.275,79.329,17.115,25.4,57.485,10,13.118
"47",0.0192229492440206,0.00476877010092048,0.00839155668921666,0.00414032752948135,0.00121991793279361,27051,19.266,37379,23.5,24.422,14.115,8.465,70.923,48.896,71.5,11.001,22.925,66.03,9.6,12.051
"48",0.013464036848943,0.00442895948978387,0.00832644384079367,0.00366127317822133,0.000826739104759655,16934,18.87,40442,21.9,17.317,6.649,4.222,75.584,23.552,66.901,12.597,22.965,64.471,8.3,12.755
"49",0.0105671278698495,0.00410521514368253,0.00965485783792002,0.000836247529268664,0.000684202523947088,13154,18.182,47246,18.4,16.509,8.448,3.155,65.192,42.234,90.638,11.609,21.381,66.965,8,12.392
"50",0.0329253898241908,0.00683357147294527,0.0142883767161583,0.00521836367024912,0.00273342858917811,16097,16.432,45212,27.4,24.911,11.941,4.659,72.215,35.27,61.457,10.645,21.541,67.814,8.8,13.636
"51",0.0142760835944006,0.00277590514335567,0.00682079549510251,0.00295435618828568,0.00120950152674783,50434,17,45326,30.3,30.054,14.733,2.786,75.047,38.148,26.759,7.016,19.355,73.652,8.5,13.741
"52",0.0163581977939802,0.00359880351467564,0.00747803327724808,0.00149560665544962,0.00135539353150122,21396,16.804,52035,23.7,23.279,11.921,3.459,68.614,41.238,39.454,6.996,19.653,73.378,7.7,11.661
"53",0.0132290275392737,0.00273484703936908,0.00591490173630986,0.00101761750302105,0.000954016409082236,15723,18.607,36359,29.6,36.167,18.676,8.968,76.551,63.1,49.175,9.16,20.931,69.871,10.3,14.819
"54",0.0281659973226238,0.00224899598393574,0.00717536813922356,0.00364123159303882,0.00123159303882195,18675,24.675,43907,22.5,12.571,6.73,6.185,37.703,53.65,95.78,18.87,27.541,53.589,10.1,12.691
"55",0.0175762743983324,0.00180026530225507,0.00506916808792875,0.0022740193291643,0.00170551449687322,21108,17.211,28875,45.5,26.991,18.623,12.412,79.132,88.912,84.081,20.958,26.337,52.706,12.6,11.654
"56",0.009270263845971,0.00178274304730212,0.00820061801758973,0.00225814119324935,0.00130734490135488,16828,13.268,125564,6.9,5.017,2.133,1.099,17.644,27.972,92.857,8.418,17.583,73.924,6.9,12.895
"57",0.0125228280720063,0.00130446125750065,0.00539177319766936,0.00173928167666754,0.000347856335333507,11499,21.939,44557,22.6,12.362,6.002,7.001,27.67,68.049,90.468,16.861,23.241,59.949,8.2,9.088
"58",0.0313007689808296,0.00238275750027077,0.0100725657965992,0.00444059352323189,0.00140799306834182,9233,18.835,53315,13.5,6.352,3.471,3.466,26.819,34.828,99.472,17.324,24.952,57.789,5,9.964
"59",0.0112922002328289,0.00174621653084983,0.00570430733410943,0.00139697322467986,0.000291036088474971,17180,17.32,51846,13.6,6.325,2.4,2.561,29.801,29.324,97.721,17.787,21.665,60.548,6.9,8.382
"60",0.0242848061029879,0.00152574698029243,0.0122059758423395,0.00432294977749523,0.00152574698029243,7865,19.545,47710,15.2,6.238,1.656,2.988,31.019,31.739,97.681,15.172,26.308,58.595,6.6,8.519
"61",0.0240387680928394,0.00223171587068801,0.0099470764522094,0.00554740802142447,0.000637633105910859,15683,21.921,30430,32.9,23.636,16.145,7.652,66.871,67.225,77.352,16.201,24.461,59.377,11.5,10.744
"62",0.034750479397596,0.00397549225948272,0.0159019690379309,0.0068284925868762,0.00163696740096347,21381,21.385,54324,18.8,9.519,4.783,2.993,30.819,45.643,95.588,13.241,22.637,64.094,8.2,10.36
"63",0.0160893958362313,0.00213288820883758,0.00792878008067881,0.00421940928270042,0.00106644410441879,21567,15.093,92580,9.4,5.502,1.842,0.835,13.896,37.54,87.811,8.255,19.404,72.34,5.7,9.691
"64",0.0241607527310422,0.0019137229885974,0.0101267841479946,0.00326927677218723,0.00079738457858225,12541,19.679,55199,15.8,6.237,2.132,1.555,27.181,41.705,94.225,14.144,20.425,65.48,7.7,8.333
"65",0.0262190469584518,0.00402302836928626,0.0115835472012208,0.00388430325310397,0.00173406395227856,14417,21.548,46206,19.7,6.606,2.33,3.433,39.117,40.545,97.934,16.436,22.725,60.839,7.2,9.052
"66",0.0546244568590937,0.00475894889302711,0.0201738050900062,0.0131388371611835,0.00237947444651355,9666,16.016,55225,14.2,7.035,2.45,1.5,25.847,35.623,98.473,18.113,21.006,60.881,6.2,9.466
"67",0.0392106611993849,0.0039723218862122,0.0199897488467453,0.0079446437724244,0.00140953357252691,7804,13.953,70831,13.6,7.26,3.076,1.41,20.419,53.631,98.741,9.784,18.336,71.803,6.4,9.29
"68",0.0130077207116482,0.00218194024840551,0.0105740181268882,0.00864384021483719,0.00100704934541793,11916,15.605,73253,10.9,5.57,1.627,1.804,24.101,44.012,97.902,10.683,19.004,70.313,5.3,9.819
"69",0.0270480134592986,0.00207066131745826,0.0090591432638799,0.00569431862301022,0.000388248997023424,7727,25.537,48511,24.5,6.116,2.733,4.918,38.517,45.847,97.444,18.725,21.434,59.92,8.5,11.453
"70",0.0273712153824078,0.00326445688047066,0.0142057684029272,0.00613430908308222,0.0026546132874157,27876,19.199,53803,18.7,8.523,2.959,4.197,41.505,40.083,80.381,17.495,20.821,61.685,6.5,8.789
"71",0.0372782586339875,0.00359928014397121,0.0227954409118176,0.00899820035992801,0.00197103436455566,11669,14.672,63012,20.8,9.368,3.321,3.042,28.844,55.702,70.474,7.56,20.275,72.361,8,8.827
"72",0.0445246690734055,0.00323984078496714,0.0119411274645932,0.00684994908821624,0.0017587707118393,10803,29.209,34597,42.3,12.319,5.246,12.404,69.977,74.672,58.77,20.674,25.815,53.455,9.6,16.431
"73",0.0756363991027016,0.00385253096654638,0.0234077830878767,0.0224324587925485,0.00273090802691895,20506,18.807,58915,31.9,11.999,5.121,7.754,42.579,66.032,54.435,9.865,20.053,70.112,6.9,9.973
"74",0.0372280419016922,0.0032232070910556,0.0149879129734085,0.00655385441847972,0.00177276390008058,18615,23.737,32648,36.5,25.225,13.756,9.777,66.848,90.063,86.349,12.691,23.67,63.639,10.4,12.168
"75",0.0958200382897256,0.00389278876834716,0.0230057434588385,0.0215060625398851,0.00453095086151883,31340,12.701,53583,26,18.426,6.5,3.318,41.049,70.416,49.505,4.193,18.938,76.835,8.5,16.082
"76",0.0733030972593712,0.00306237159359615,0.0158933209287902,0.00821800984610614,0.00542698763422103,25797,15.46,56526,37.7,32.91,8.885,1.841,62.195,67.938,28.723,2.924,23.977,73.12,10.2,26.612
"77",0.0448318237676938,0.0028370731115258,0.0114089785019647,0.00345910518410632,0.00289775916738731,65913,11.724,70600,16.5,16.496,7.208,2.928,44.034,58.71,12.342,3.065,13.454,83.465,5.2,11.857
"78",0.0853719699080524,0.00601838952354416,0.0217887991083867,0.015881861242686,0.00529395374756199,17945,25.702,37422,33.2,17.239,4.811,6.854,60.269,70.979,69.09,17.642,26.029,56.298,8.2,18.696
"79",0.078874720652031,0.00604706191665571,0.029709478112265,0.0164322334691731,0.00302353095832786,7607,15.302,50757,22.4,17.303,4.719,2.103,33.034,62.592,84.978,8.428,19.287,72.285,8.3,19.456
"80",0.0232171271517431,0.00499059742514104,0.0112107623318386,0.00484594242731086,0.00130189498047158,13826,15.18,58071,13.8,9.487,2.362,2.134,21.439,58.689,95.343,14.371,19.295,66.293,6.8,10.632
"81",0.0361802367721672,0.00350326165740517,0.0138922445035033,0.00440927760328582,0.00163082870258517,16556,17.305,50694,14.7,11.399,2.834,4.137,29.698,47.76,92.63,21.505,22.61,55.851,6.1,9.876
"82",0.0201731879409878,0.0022771007055805,0.00785760102629891,0.00150737652341244,0.00169980756895446,31180,12.439,70623,13.7,10.863,4.616,3.335,35.036,50.04,16.356,4.509,13.403,82.089,4.5,7.793
"83",0.0211285532456513,0.00220619431480696,0.0068731438268986,0.0058549002969877,0.00144251166737378,11785,16.865,40588,18,13.066,4.099,3.988,30.999,59.467,89.062,20.614,20.374,58.965,7.5,9.037
"84",0.0205026029950511,0.0028279452406967,0.00899800758403496,0.00199241596503631,0.000706986310174176,15559,17.44,45737,15.6,10.993,3.321,3.214,28.329,55.825,64.242,17.466,20.322,62.175,6.4,10.283
"85",0.0292461897569683,0.00265458373380933,0.00865028147741315,0.00425648771110806,0.00109844844157627,21849,25.222,35207,30.5,15.077,8.206,12.564,48.027,86.611,86.567,16.411,24.321,59.295,8.6,10.344
"86",0.0448777881661547,0.0041405102177107,0.0140910912247896,0.0082810204354214,0.00153599572592494,14974,16.712,50580,19.9,9.112,3.429,5.376,25.521,56.345,91.649,14.326,21.687,64.146,6.7,8.648
"87",0.0109508881922675,0.00200626959247649,0.00564263322884012,0.00284221525600836,0.00083594566353187,23925,15.366,71204,11.1,6.381,2.163,3.156,19.118,43.632,67.724,7.949,17.083,74.918,6,8.945
"88",0.0207562494359715,0.00180489125530187,0.00758054327226785,0.0061817525494089,0.000631711939355654,22162,15.459,57465,16.5,12.153,5.685,4.851,23.768,66.198,86.395,8.092,17.132,74.908,7.1,8.528
"89",0.0183714001986097,0.00635551142005958,0.01012909632572,0.00734856007944389,0.000595829195630586,10070,13.495,71888,6.9,5.216,1.688,2.036,15.889,21.363,99.476,11.97,17.269,70.636,5.1,9.484
"90",0.0284003898092719,0.00675205345955729,0.0109285813726855,0.00480300710009745,0.0013225671724906,14366,18.494,49709,13.5,6.856,2.451,4.873,29.535,40.796,83.9,14.125,20.917,64.917,5.6,10.058
"91",0.0310866822850964,0.00558659217877095,0.00657776175887547,0.00441520994773833,0.00153180753288881,11098,25.801,33528,20.4,13.21,3.336,7.794,37.979,41.42,96.686,32.856,27.495,39.597,8.5,12.75
"92",0.0262506191183754,0.00332555013089931,0.00714639496214533,0.00764168966249204,0.000707563857638152,14133,20.677,41717,13.4,13.466,3.97,3.219,25.142,37.33,95.822,27.787,23.566,48.566,7.2,10.826
"93",0.0292696245733788,0.00357679180887372,0.00969283276450512,0.00679863481228669,0.00109215017064846,36625,19.863,39740,17.1,11.88,3.674,4.355,33.899,50.098,88.027,22.371,23.095,54.55,7.2,10.758
"94",0.0160986828350408,0.0037633284549446,0.00954770367272981,0.0034148721165238,0.000975677747578228,14349,21.583,54460,16.7,8.415,2.378,2.3,27.434,51.613,90.585,16.337,20.07,63.505,5.2,9.199
"95",0.0400314486011924,0.00265347572561095,0.0192950271899364,0.00851732948961541,0.00399659306820415,30526,13.358,112766,18.3,10.77,3.404,1.523,25.384,61.959,71.751,6.029,16.242,77.71,6.7,12.285
"96",0.0145878920495988,0.00173231218088986,0.0106673960612691,0.00237053245805981,0.00227935813274982,10968,10.938,165047,12.5,7.53,2.619,2.279,17.18,59.797,83.457,5.08,17.522,77.346,6.6,9.801
"97",0.00742337164750958,0.000957854406130268,0.00534802043422733,0.000478927203065134,0.000957854406130268,12528,12.342,114174,12.9,11.057,5.452,1.357,20.772,61.467,73.628,4.144,16.396,79.459,5.9,7.344
"98",0.0305405534579171,0.00301104048176648,0.0165368255030349,0.00583090379008746,0.0021029489079004,20923,10.96,207903,10.2,9.314,3.639,1.147,18.147,44.605,69.652,5.806,15.944,78.278,6,10.467
"99",0.00906110283159463,0.00202682563338301,0.00506706408345753,0.00107302533532042,0.000655737704918033,16775,13.682,85340,10.3,8.597,3.789,1.937,22.822,43.443,93.88,7.366,16.546,76.016,6.9,10.134
"100",0.00964711855800965,0.00143860539900144,0.00693915545400694,0.00279258695100279,0.000761614623000762,11817,13.866,89330,12,11.69,5.083,1.65,26.726,61.376,88.38,5.75,14.3,79.9,6.9,10.366
"101",0.00652254938501677,0.00326127469250839,0.0132314573238912,0.000465896384644055,0.00158404770778979,10732,10.893,204521,10.7,9.391,4.385,1.258,16.745,46.869,81.68,7.427,17.277,75.242,5.6,12.672
"102",0.013353115727003,0.00359206621895986,0.0116351710135874,0.00288927065438076,0.00117132594096517,12806,17.451,85099,15.5,15.91,8.994,3.943,28.177,65.932,91.651,8.294,20.641,71.112,7.4,11.791
"103",0.00507279794452863,0.00513867843731471,0.0127808156005007,0.00125172936293563,0.000856446406219119,15179,11.418,169203,7.3,6.98,3.144,1.153,16.942,30.461,89.304,7.702,14.792,77.506,7.5,13.835
"104",0.0185447434081867,0.00107896688920359,0.00792366309258885,0.00266369950772136,0.000842942882190303,29658,16.753,57039,20.8,17.891,8.918,3.557,33.645,74.664,71.371,5.649,16.852,77.481,6.7,8.48
"105",0.00766755665092079,0.00568220716095023,0.00924214417744917,0.00109536523584583,0.00116382556308619,14607,12.192,111730,6.7,4.773,2.37,0.856,21.36,24.284,97.048,7.716,15.477,76.807,6.4,11.33
"106",0.00800556909154194,0.00348068221371389,0.00668290985033067,0.00132265924121128,0.000904977375565611,14365,17.06,65274,15.7,12.439,5.45,2.262,28.787,64.536,98.248,9.321,18.434,72.245,7.1,11.208
"107",0.017963224893918,0.0024988213107025,0.00513908533710514,0.00353606789250354,0.000424328147100424,21210,25.132,39803,18.6,16.051,6.943,4.856,43.154,47.008,98.964,24.951,23.409,51.612,6.8,10.679
"108",0.0338780949708915,0.00519043276986743,0.0107315704566178,0.0091183278389563,0.00154310163428491,14257,23.56,34768,17,19.247,10.028,6.944,45.759,50.523,83.261,20.599,24.929,54.472,8.7,11.714
"109",0.0161727774987444,0.00281265695630337,0.00492214967353089,0.0024108488196886,0.00060271220492215,9955,21.67,35112,14.2,18.214,6.916,4.47,36.194,35.326,99.321,34.739,25.831,39.43,7.2,12.305
"110",0.0171821305841924,0.00596852957135106,0.00488334237655996,0.0066015554349792,0.000633025863628142,11058,23.443,33316,18.3,18.985,6.338,5.426,42.553,38.517,90.562,38.621,28.382,33.05,8.6,13.067
"111",0.022790614042974,0.00705744853007282,0.00620336240222961,0.00746201564326171,0.00103389373370494,22246,28.821,34059,22.8,12.166,4.675,8.204,45.986,43.315,86.637,30.398,29.197,40.459,9.2,12.362
"112",0.0405960164208606,0.00699407024479246,0.0123156454310476,0.0118595104150829,0.00167249505853733,6577,39.714,33829,28,15.306,5.656,7.982,59.027,66.226,95.094,30.542,28.83,40.628,11.4,13
"113",0.0351267229879947,0.00911516229435304,0.00967096487327701,0.00811471765228991,0.000889284126278346,17992,36.004,32997,29.6,16.987,8.279,10.922,60.814,63.092,88.084,24.855,28.62,46.559,10.6,12.339
"114",0.0097683155917345,0.00225422667501565,0.0050093926111459,0.00112711333750783,0.000375704445835942,7985,23.043,76629,18.5,6.888,3.07,4.571,24.421,40.96,98.878,13.604,19.332,66.985,7.6,11.271
"115",0.0307511219009784,0.00588538218200544,0.00698889134113146,0.00868093871845803,0.000588538218200544,13593,37.017,30827,25.3,14.216,6.822,10.263,67.911,52.896,75.556,25.863,31.155,42.936,10.8,13.352
"116",0.00718840108841327,0.00398001868172034,0.00860983633188482,0.00178694716322138,0.000690411403971896,24623,18.75,31786,21,20.478,7.459,8.224,90.975,16.113,63.357,23.55,29.515,46.959,9.5,10.904
"117",0.0145477689632442,0.00204578001045621,0.00659195781147001,0.00402336735389721,0.000613734003136863,43993,23.052,31826,23.5,19.595,9.116,9.967,77.103,34.596,67.943,21.543,28.229,50.187,10.9,13.025
"118",0.013663193179334,0.00295124972673614,0.00746921227136923,0.00320629599941704,0.000874444363477374,27446,21.049,34200,23.8,18.775,9.01,7.323,75.194,43.616,73.658,19.261,27.424,53.228,9.1,11.714
"119",0.03528316079808,0.00805960525844467,0.0140058029157861,0.0059461976573414,0.0022208690045492,27917,23.463,35047,19.2,12.995,7.153,7.63,55.491,39.733,95.052,18.834,31.026,50.182,9,13.039
"120",0.0357248739994071,0.00507708271568337,0.0157500741179958,0.00696709160984287,0.00137118292321376,26984,21.973,36232,19.5,12.488,6.92,6.041,61.266,34.378,88.745,19.384,28.351,52.242,8.7,12.878
"121",0.0460093896713615,0.00455037919826652,0.0187071144817624,0.0111231491513182,0.00158902130733117,13845,25.185,26793,42.6,19.287,12.941,11.304,75.312,68.023,92.337,21.106,28.08,50.86,14.6,12.134
"122",0.0281279440132789,0.00255708581938899,0.0138172356556458,0.00349917006863757,0.000897223094522453,22291,20.84,54360,14.5,6.158,2.236,2.961,26.458,33.207,95.489,15.963,28.575,55.407,8.8,10.879
"123",0.0255412613743332,0.00351427674929401,0.0123627235644807,0.00652651396297458,0.00106683401317854,15935,20.068,44718,17.9,7.724,3.797,4.55,41.569,33.108,97.462,16.34,29.623,54.038,9.7,13.398
"124",0.0480640074753256,0.00397126671728085,0.00969456286865619,0.0106873795479764,0.000934415698183729,17123,28.493,30974,26.3,12.836,6.842,9.227,69.503,45.323,81.991,20.873,30.785,48.342,9.1,12.644
"125",0.0305696063338465,0.00307895315592699,0.00960340151015321,0.00498497177626274,0.00102631771864233,13641,28.836,31383,23.3,20.096,11.095,8.907,73.108,60.794,92.926,21.106,28.85,50.044,8.8,11.949
"126",0.0270367555893293,0.00667919849618046,0.0132784065912091,0.00623925128984522,0.00111986561612606,25003,24.071,31692,22.3,14.971,8.041,8.839,77.687,38.746,60.421,19.747,29.732,50.546,9.7,12.638
"127",0.0320761014686248,0.00634178905206943,0.009913217623498,0.00987983978638184,0.00173564753004005,29960,20.698,33256,23.4,17.136,6.77,7.66,72.423,34.958,65.754,19.293,30.89,49.817,8.8,15.387
"128",0.0190259712926716,0.00513532853474765,0.0119964642000253,0.00488277139369449,0.00223092141263628,23757,20.557,31825,22.6,19.028,7.391,8.04,85.876,27.658,59.055,19.779,29.853,50.417,9.8,14.164
"129",0.0103733727200907,0.00316010029883557,0.0076254594167554,0.00395012537354446,0.000755676158417202,29113,19.644,30414,21.3,18.289,7.51,10.116,91.466,18.86,73.121,26.2,29.84,43.94,9.8,12.692
"130",0.0139244317326509,0.0064729790757188,0.0143384013247027,0.00553213909378293,0.00210748155953635,26572,20.806,28085,22.1,20.031,8.404,10.048,96.566,11.191,70.917,28.233,31.785,39.937,9.5,11.949
"131",0.0163024776324845,0.00395732966276669,0.00651668960770819,0.00339814177563661,0.00107536132140399,46496,19.199,39556,9.5,7.978,3.462,10.947,81.014,16.468,90.519,17.259,30.793,51.921,8.2,14.41
"132",0.023359364296479,0.00317395076951181,0.00463533817417911,0.00465817235237704,0.00061652281134402,43794,26.373,29573,20.4,13.798,6.272,9.522,89.558,29.922,67.188,20.468,32.256,47.262,10.5,15.071
"133",0.0114503816793893,0.0014219428229307,0.00449034575662326,0.00157162101481814,0.000374195479718605,13362,14.677,54045,6.2,3.936,1.574,3.405,43.553,6.385,95.434,11.573,25.201,63.226,7.6,13.845
"134",0.028573715383384,0.00576276612774132,0.0109652633263967,0.00736353449655835,0.00104049943973107,12494,14.672,40972,10.5,8.424,2.606,7.524,74.529,11.096,98.785,14.867,29.277,55.855,8.5,15.367
"135",0.0284732168433114,0.00320824978516184,0.00475508450300773,0.00366657118304211,0.000171870524205099,17455,25.668,32291,23.8,12.77,7.087,8.679,75.015,39.847,79.234,17.268,30.438,52.399,11.4,15.325
"136",0.0566223714953271,0.00313960280373832,0.0113536799065421,0.00992990654205607,0.00109521028037383,27392,32.167,33323,25.2,10.441,5.398,8.305,63.335,40.631,80.06,22.282,28.689,48.962,11.6,14.347
"137",0.0282509114705057,0.00299149294194634,0.0079835467888193,0.00665607179583061,0.00119659717677854,53485,23.993,30878,27.2,17.819,9.292,9.199,76.427,47.043,81.303,20.387,30.339,49.228,10.6,14.34
"138",0.0379346680716544,0.00461011591148577,0.0116350544432736,0.00983491394450299,0.000922023182297155,22776,31.613,30033,26,16.944,10.404,11.086,78.037,55.057,70.038,21.703,31.214,47.056,10.8,13.677
"139",0.0380291796221,0.00382683568524277,0.00974647213585267,0.00663716814159292,0.000717531690983018,16724,30.425,32913,32.4,15.977,9.887,10.972,73.433,54.599,72.574,22.6,28.948,48.375,13,14.111
"140",0.0194615307048503,0.00131088030654432,0.00645356458606433,0.00393264091963295,0.000907532519915297,9917,18.596,53203,7.7,5.181,1.503,2.168,29.741,22.682,78.195,12.911,26.599,60.49,7.9,10.79
