"Hood_ID","Assault","Auto Theft","Break and Enter","Robbery","Theft Over","Drug.Arrests","Total.crime","male.youth","youth","male.above.15","female.above.15","population.2016","lone.parent.families","lone.parent.families.perc","low.income","middle.income","colSums(a[, -1])","avg.income","people.ei","people.ei.per","median.income","no.hholds.bottom.20per","hholds.bottom.20per.per","low.income.pop","low.income.pop.18.to.64","low.income.pop.perc","low.income.pop.perc.18.to.64","non.citizens","non.citizens.perc","immigrants","immigrants.perc","immigrants.recent","immigrants.recent.perc","refugees","refugees.perc","vis.minorities","vis.minorities.perc","renters","renters.perc","houses","houses.perc","unsuitable.housing","unsuitable.housing.perc","hhlds.mjr.rprs","hhlds.mjr.rprs.perc","unaffordable.housing","unaffordale.housing.perc","less.than.high.school","less.than.high.school.perc","high.school.cert","high.school.cert.perc","post.sec.or.above","post.sec.or.above.perc","unemployed","unemployment.rate","unemployed.males","unemployment.rate.males"
"1",229,277,125,64,36,29,760,2930,5445,13940,14305,33312,1965,0.221783295711061,18230,7025,980,31771,1870,0.0711703139866793,25519.8940520446,7580,0.23,5210,3355,15.8,15.3,5485,0.166793370837768,19230,0.584676193371846,2440,0.0741866828823351,2250,0.0675432276657061,26945,0.819245971419884,3275,0.318734793187348,8150,0.792416140009723,1795,0.174356483729966,500,0.0485908649173955,3270,0.31840311587147,5905,0.212066798347998,8510,0.305620398635303,13425,0.482133237565092,1705,9.6,870,9.2
"2",220,41,34,88,2,24,409,2675,5240,12470,13450,32954,2535,0.293913043478261,18600,4860,410,26548,1890,0.0792618997693437,21442.28,12350,0.38,9155,5095,27.9,24.6,7700,0.23454157782516,21500,0.654888821200122,4720,0.143770941212306,6510,0.197548097347818,28455,0.866737739872068,5455,0.552405063291139,7030,0.711538461538462,3055,0.309367088607595,995,0.100861632032438,3715,0.37658388241257,7895,0.306840264282938,7785,0.302565099106102,10065,0.391177613680529,1785,12.1,890,11.4
"3",45,14,24,17,2,7,109,725,1390,4185,4445,10360,695,0.24777183600713,5565,2000,385,32815,605,0.075909661229611,25653.2807692308,2705,0.27,1800,1045,17.8,16.4,1495,0.147654320987654,5465,0.539753086419753,720,0.0711111111111111,1135,0.109555984555985,6510,0.642962962962963,1245,0.379573170731707,3190,0.972560975609756,520,0.158295281582953,205,0.0625,1065,0.325190839694657,2075,0.247170935080405,2340,0.278737343656939,3980,0.474091721262656,525,10.4,260,9.8
"4",61,23,16,13,1,11,125,700,1360,4300,4595,10529,780,0.270363951473137,5440,2420,435,34418,605,0.0733778047301395,27301.1566037736,2570,0.25,1930,1165,18.6,17.2,1180,0.113954611298889,4975,0.480212355212355,625,0.0603281853281853,925,0.0878525975876152,5365,0.517857142857143,1685,0.438802083333333,3735,0.971391417425228,540,0.140625,265,0.0689206762028609,1185,0.30859375,1960,0.224641833810888,2675,0.306590257879656,4085,0.468194842406877,600,10.9,290,10.4
"5",60,14,12,18,0,9,113,760,1435,3610,4060,9456,885,0.34368932038835,5025,1860,300,32012,460,0.0641562064156206,25362.7115384615,3010,0.32,2195,1215,23.2,20.4,1075,0.113816834303864,4725,0.500264690312335,530,0.0561143462149285,1100,0.116328257191201,6365,0.673901535203812,1470,0.455813953488372,2385,0.740683229813665,570,0.177293934681182,350,0.108695652173913,1080,0.335403726708075,1870,0.244764397905759,2620,0.342931937172775,3155,0.412958115183246,465,10,245,10.5
"6",113,38,35,23,5,12,226,1535,3015,8400,9360,22000,1775,0.298821548821549,11205,4480,1040,36674,1150,0.0685952878019684,26404.398255814,7355,0.33,5470,3050,24.9,22.9,3380,0.153776160145587,11425,0.519790718835305,1830,0.0832575068243858,2980,0.135454545454545,13130,0.597361237488626,3735,0.479768786127168,5190,0.667095115681234,1605,0.20616570327553,665,0.0854755784061697,2730,0.35112540192926,4170,0.235128277417536,5505,0.31040315759797,8075,0.455314350155061,1020,9.9,475,8.8
"7",95,49,36,36,5,6,227,1385,2625,8775,9825,22156,1370,0.216943784639747,10315,5470,1940,44177,1120,0.0629744166432387,32737.22625,4455,0.2,3320,1740,15,13.4,2290,0.103409347482502,10030,0.452821670428894,1210,0.054627539503386,1285,0.057997833543961,8870,0.400451467268623,3925,0.461493239271017,8090,0.950646298472385,945,0.111045828437133,565,0.0663924794359577,2645,0.310810810810811,3440,0.185095507129405,5205,0.280064568200161,9935,0.534570890503094,920,8.5,440,7.8
"8",34,19,26,12,4,3,98,590,1135,4160,5330,10948,715,0.24486301369863,4730,2630,935,45615,525,0.0631389055923031,33342.5228571429,1950,0.19,1480,825,14.6,13.5,850,0.0840751730959446,4645,0.459218981710331,345,0.0341077607513594,745,0.0680489587139203,2745,0.271379139891251,1620,0.391777509068924,3215,0.777509068923821,360,0.0869565217391304,250,0.060459492140266,1325,0.32043530834341,1555,0.179561200923788,2305,0.266166281755196,4805,0.554849884526559,380,7.4,215,8.4
"9",20,21,46,3,1,3,94,920,1810,6230,7190,15535,835,0.190639269406393,6195,3745,2625,101551,640,0.0511590727418066,40788.2094594595,2230,0.15,1600,1005,10.5,10.5,1205,0.0793285055957867,5950,0.391447368421053,515,0.0338815789473684,895,0.0576118442227229,3230,0.212639894667544,2745,0.438848920863309,5215,0.8344,510,0.0815347721822542,390,0.0623501199040767,1900,0.304,1725,0.131931166347992,3175,0.24282982791587,8175,0.625239005736138,510,6.1,250,5.7
"10",14,18,28,19,3,4,86,815,1585,4515,4805,11051,405,0.122541603630862,3745,2540,2560,99055,345,0.038917089678511,51973.4868421053,1035,0.09,800,490,7.2,7.2,665,0.0602355072463768,3360,0.304072398190045,270,0.0244343891402715,320,0.028956655506289,2105,0.190583974649163,595,0.154145077720207,3855,0.998704663212435,100,0.0259067357512953,220,0.0569948186528497,750,0.194552529182879,955,0.10302049622438,2005,0.216289104638619,6315,0.681229773462783,355,6,205,6.7
"11",52,27,29,14,4,7,133,1275,2410,7605,8370,18588,1060,0.194495412844037,8080,5235,1890,47002,900,0.0592885375494071,36938.4086538462,2520,0.14,1800,1040,9.7,9.1,1005,0.0542656587473002,8190,0.442105263157895,350,0.0188933873144399,1070,0.057564019797719,5130,0.276923076923077,1055,0.153678077203205,5225,0.761661807580175,455,0.0662782228696285,440,0.064,1555,0.226841721371262,2435,0.153241032095658,4225,0.26589049716803,9240,0.581497797356828,750,7.4,370,7.4
"12",19,12,15,8,2,2,58,590,1170,4215,4990,10554,490,0.160130718954248,4255,2975,1550,62378,340,0.0387023335230507,41708.6898734177,1185,0.11,870,525,8.3,8.5,595,0.0569377990430622,3890,0.372248803827751,295,0.0282296650717703,520,0.0492704187985598,1395,0.133428981348637,1105,0.256678281068525,2795,0.64924506387921,240,0.0556844547563805,215,0.0498261877172654,1060,0.246225319396051,1070,0.117453347969265,2255,0.247530186608123,5790,0.63556531284303,335,6.2,165,5.9
"13",44,15,15,4,0,0,78,735,1460,4740,5440,11848,820,0.255054432348367,5730,2930,620,38255,595,0.064185544768069,29779.2417582418,2825,0.25,2100,1290,18.3,16.8,1575,0.137314734088928,5805,0.506102877070619,815,0.0710549258936356,1060,0.0894665766374072,4520,0.39424334932403,2175,0.474372955288986,2805,0.612445414847162,670,0.146128680479826,310,0.0676117775354417,1695,0.370087336244541,1730,0.177072671443193,2715,0.277891504605937,5325,0.54503582395087,505,7.9,275,8.4
"14",185,115,98,30,33,30,491,2365,4740,17995,20195,43965,2300,0.191029900332226,18885,12005,5130,52787,2215,0.0613318565692925,37548.2647058823,8965,0.21,6810,4240,15.8,14.3,5325,0.123178348369188,19590,0.453262378528459,2850,0.0659416936603424,2905,0.0660752871602411,16035,0.370965876229034,8105,0.419404915912031,10980,0.567882079131109,2075,0.107346094154165,1375,0.0711881957028216,6380,0.33048433048433,4440,0.118700708461436,8415,0.224969923806978,24535,0.655928351824622,1870,7.3,885,6.8
"15",29,7,26,10,2,10,84,535,1090,3550,4150,9271,270,0.100934579439252,2580,2030,2690,144642,260,0.0356408498971899,64221.8,610,0.07,415,280,4.5,5.3,300,0.0327510917030568,1960,0.213857064920895,95,0.0103655210038189,120,0.0129435875310107,1100,0.120021822149482,660,0.184100418410042,2885,0.804741980474198,55,0.0153417015341702,160,0.0446304044630404,685,0.191340782122905,545,0.0718997361477573,1290,0.170184696569921,5735,0.756596306068602,360,7.5,180,7.3
"16",62,16,52,9,5,11,155,1280,2485,10120,10845,25051,1180,0.165963431786217,9810,6105,4190,64140,1170,0.0583250249252243,41397.5547550432,4000,0.16,2895,1865,11.6,11.6,2040,0.0819441654950793,8635,0.346926476496585,1005,0.0403776617115307,1365,0.054488842760768,4595,0.184538152610442,3665,0.353253012048193,9780,0.942196531791908,770,0.0742168674698795,685,0.0660240963855422,2830,0.273034249879402,2720,0.130518234165067,4565,0.21904990403071,13555,0.650431861804223,935,6.7,440,6.1
"17",207,32,47,9,15,24,334,1455,3005,14770,15710,33964,1615,0.181971830985915,14500,9855,4600,54438,1660,0.057221647707687,39915.3652416357,7720,0.23,6060,4110,18.2,17,4065,0.121998799519808,13425,0.40285071267817,1895,0.0568642160540135,2040,0.0600635967494995,10395,0.312068447913539,8635,0.485385047779651,8430,0.474128233970754,1420,0.0798425639583919,1015,0.0570545250140528,7080,0.398648648648649,3570,0.119638069705094,6410,0.214812332439678,19855,0.665382037533512,1305,6.2,585,5.5
"18",79,10,42,13,5,16,165,730,1390,4725,4995,11463,780,0.269896193771626,5735,2630,945,44101,705,0.0762987012987013,29104.7804878049,3620,0.32,2800,1795,24.8,22.9,1190,0.105449712007089,3970,0.351638618246236,500,0.0442869796279894,860,0.0750239902294338,3615,0.320194862710363,3040,0.565581395348837,4810,0.894883720930233,490,0.0912476722532588,460,0.0855813953488372,2105,0.391627906976744,1610,0.166322314049587,2505,0.258780991735537,5565,0.574896694214876,565,8.7,260,7.9
"19",49,12,26,5,0,4,96,570,1125,4330,4425,10084,595,0.220779220779221,4720,2680,1030,47384,540,0.0637920850561134,34357.1061452514,2410,0.24,1775,1245,17.6,17.5,860,0.085444610034774,3445,0.342445328031809,375,0.0372763419483101,560,0.0555335184450615,2305,0.228897715988083,2575,0.534232365145228,4055,0.843035343035343,450,0.0935550935550936,455,0.0944963655244029,1700,0.353798126951093,1320,0.151202749140893,2340,0.268041237113402,5060,0.579610538373425,440,7.1,225,7.2
"20",29,14,26,9,9,4,91,640,1240,5040,5240,12054,665,0.19054441260745,5325,3390,1215,47709,755,0.0761472516389309,36711.6575342466,1540,0.13,985,630,8.2,7.9,600,0.0498753117206983,3970,0.33014553014553,200,0.0166320166320166,465,0.038576406172225,2490,0.207068607068607,950,0.205850487540628,4430,0.959913326110509,325,0.0703463203463204,280,0.0606717226435536,1005,0.218004338394794,2005,0.195323916220166,2960,0.288358499756454,5300,0.51631758402338,415,6.1,195,5.4
"21",126,63,43,28,19,12,291,895,1725,4975,5305,12416,820,0.236652236652237,7085,2255,305,30731,605,0.0625969994826694,24099.59,3445,0.28,2450,1355,19.7,18.3,1870,0.150684931506849,7280,0.586623690572119,870,0.0701047542304593,1370,0.110341494845361,8140,0.656187021362354,1165,0.299101412066752,3530,0.905128205128205,660,0.169448010269576,255,0.0653846153846154,1235,0.316666666666667,3495,0.340809361287177,2990,0.291565090199903,3770,0.367625548512921,555,9.6,315,10.2
"22",71,36,22,16,1,19,165,1155,2215,6000,6615,15545,1320,0.308771929824561,8655,2840,305,29528,945,0.0802207130730051,24090.5,4915,0.32,3520,2000,22.7,20.3,2965,0.190859349855166,9440,0.607660122304474,1555,0.100096556163502,2105,0.135413316178836,11970,0.770518184744126,2400,0.475247524752475,4410,0.872403560830861,1155,0.228712871287129,405,0.0801980198019802,1895,0.375247524752475,3635,0.288835915772745,3825,0.303933253873659,5115,0.406436233611442,780,10.2,370,9.4
"23",39,21,26,11,4,32,133,710,1365,4315,4630,10722,670,0.218954248366013,5065,2810,630,39003,690,0.0812720848056537,31792.75,1740,0.16,1225,745,11.4,10.7,880,0.0821661998132586,4930,0.46031746031746,365,0.0340802987861811,825,0.0769445998880806,4675,0.436100746268657,645,0.173854447439353,3170,0.853297442799462,370,0.0997304582210243,170,0.045822102425876,1165,0.314439946018893,2210,0.246239554317549,2635,0.293593314763231,4130,0.46016713091922,355,6,190,6.4
"24",233,54,26,34,6,28,381,1605,3285,7800,9340,21737,2370,0.419098143236074,12575,3045,190,25989,1255,0.0795814838300571,20633.0837988827,9365,0.43,7105,3795,33,28.6,4030,0.186963581535607,12705,0.589149084164155,2045,0.094829584975655,4015,0.184708101393937,17435,0.808485972640853,4880,0.666211604095563,6065,0.827986348122867,1950,0.266393442622951,1000,0.136612021857924,2695,0.368169398907104,6420,0.37842617152962,5195,0.30621868552903,5355,0.315649867374005,1180,12.7,535,11.3
"25",226,49,24,53,11,55,418,2215,4520,11265,13450,30491,3340,0.405093996361431,17585,4915,400,27984,1770,0.0771746239372139,22810.0234192037,10800,0.36,7775,4000,25.7,21.8,4400,0.14567124648237,17790,0.588780407082575,1875,0.0620552705609796,3730,0.122331179692368,23155,0.76646805693479,4810,0.485368314833502,8730,0.880484114977307,2290,0.230846774193548,1065,0.107413010590015,3285,0.331483350151362,9560,0.391402251791198,7190,0.294370522006141,7655,0.313408393039918,1550,11.5,700,10.2
"26",287,79,52,39,9,54,520,2205,4350,13950,15405,35052,2775,0.286377708978328,19040,7475,1215,34168,2160,0.0779642663779101,27075.9052419355,9630,0.28,6760,4075,19.4,18.1,6305,0.180168595513645,19515,0.557571428571429,3145,0.0898571428571429,3030,0.0864429989729545,20070,0.573264781491003,6855,0.522285714285714,11755,0.895277989337395,2485,0.189477697293176,1295,0.0987418985894015,4385,0.335116545662973,8590,0.293474547318073,8365,0.285787495729416,12305,0.420396310215237,1420,7.9,730,8
"27",289,93,94,55,33,59,623,2515,4765,11550,12000,27593,2075,0.296428571428571,16170,5405,710,29958,1520,0.0683760683760684,23378.0405405405,9545,0.35,6715,4535,24.4,23.8,6050,0.219481226192636,15595,0.565753673136223,2850,0.103391982586613,2865,0.103830681694633,19135,0.69405150525934,5565,0.547197640117994,7300,0.71779744346116,2155,0.212001967535662,820,0.0807086614173228,4080,0.402168555938886,5125,0.217899659863946,6980,0.296768707482993,11420,0.485544217687075,1585,10.7,775,9.9
"28",81,11,24,11,1,10,138,720,1395,3495,4515,9941,1150,0.41970802919708,5355,1665,315,31800,550,0.0745257452574526,24060.9657039711,3800,0.39,3090,1560,31.7,27.4,1100,0.112762685802153,5105,0.523321373654536,510,0.0522808815991799,995,0.100090534151494,5810,0.595592004100461,2265,0.621399176954732,3575,0.979452054794521,745,0.204109589041096,320,0.0876712328767123,1205,0.330589849108368,2550,0.326086956521739,2420,0.309462915601023,2850,0.364450127877238,375,9.1,195,10.1
"29",40,21,20,11,2,2,96,660,1260,4070,4540,10111,640,0.228980322003578,5290,2150,490,37108,575,0.0721455457967378,28115.6267123288,2275,0.23,1495,905,15.2,14.6,1710,0.173340091231627,5245,0.531947261663286,950,0.0963488843813387,430,0.0425279398674711,4300,0.435884439939179,1560,0.438818565400844,3430,0.963483146067416,680,0.191279887482419,255,0.0717299578059072,1005,0.282700421940928,2395,0.286140979689367,2380,0.284348864994026,3590,0.428912783751493,415,8.1,220,8.6
"30",78,19,24,18,0,15,154,1200,2475,6545,7860,17757,1730,0.351983723296033,9655,3375,475,32483,1150,0.0851221317542561,25242.0917721519,5855,0.33,4375,2575,24.7,22.3,3075,0.173679751482632,9725,0.549435028248588,1475,0.0833333333333333,1830,0.103057948977868,11630,0.656876588534312,3860,0.595219737856592,5780,0.891287586738628,1425,0.219907407407407,655,0.101002313030069,2615,0.403549382716049,4270,0.297768479776848,4150,0.289400278940028,5925,0.413179916317992,915,10,435,9.7
"31",154,37,65,22,23,24,325,985,1870,5855,6990,14804,1005,0.255725190839695,7385,3160,890,38527,745,0.0648389904264578,28877.9780927835,3295,0.23,2350,1355,16.8,15.3,1865,0.132976827094474,7265,0.517818959372773,855,0.0609408410548824,825,0.055728181572548,6340,0.451888809693514,2045,0.382958801498127,3910,0.730841121495327,655,0.122429906542056,375,0.0702247191011236,1645,0.30834114339269,3445,0.285536676336511,3385,0.280563613758806,5240,0.434314131786158,580,8,300,8.3
"32",89,17,43,29,3,4,185,1530,3035,7495,10060,22372,1430,0.272121788772598,10320,4000,1755,48134,995,0.0621292538245395,28400.3226744186,6390,0.29,4665,2445,21.3,19.1,3500,0.159963436928702,9785,0.447007766103243,2050,0.0936500685244404,985,0.0440282495977114,8855,0.404707495429616,4795,0.581564584596725,6470,0.785194174757282,1380,0.16737416616131,690,0.0836363636363636,3005,0.364463311097635,2675,0.156615925058548,4340,0.254098360655738,10080,0.590163934426229,955,8.9,450,9.1
"33",42,44,35,3,5,3,132,970,1920,6340,7380,16472,810,0.186206896551724,7590,3665,1785,51181,810,0.0620927558451514,32866.38,3450,0.21,2450,1475,14.9,13.8,2595,0.158038976857491,7485,0.45584652862363,1345,0.0819123020706456,420,0.0254978144730452,6305,0.383982947624848,3010,0.458841463414634,4965,0.757437070938215,955,0.145690312738368,325,0.049618320610687,2235,0.3414820473644,1735,0.127059685097034,3245,0.237641889417796,8670,0.634932259245698,565,6.1,330,7.5
"34",84,26,43,12,7,0,172,1020,1935,6260,7255,15873,875,0.203016241299304,7705,3530,1455,45936,765,0.0601651592607157,29612.2983425414,3690,0.24,2655,1515,17,15.1,2410,0.154685494223363,8020,0.514927768860353,1490,0.0956661316211878,875,0.0551250551250551,5420,0.34788189987163,2800,0.459770114942529,5130,0.842364532019704,705,0.115668580803938,405,0.0665024630541872,2175,0.357142857142857,1665,0.125518281191104,3390,0.255559743686393,8200,0.618168111571806,620,7.2,280,6.5
"35",75,25,20,6,6,5,137,1755,3355,10310,12580,26274,1730,0.236824093086927,15505,4830,1110,32724,1310,0.0608170844939647,23466.6012658228,8865,0.34,6355,3630,24.4,21.6,6510,0.249186602870813,18155,0.695194332758951,4430,0.169634309783649,2050,0.0780239019563066,11715,0.448506891271057,6165,0.603228962818004,7340,0.718199608610568,1815,0.177506112469438,920,0.0900195694716243,4710,0.461764705882353,2745,0.120818661971831,5540,0.243838028169014,14430,0.63512323943662,1290,9.2,665,9.5
"36",103,18,44,13,2,7,187,1730,3325,9725,11280,23831,1350,0.206896551724138,14060,4280,1350,34904,1040,0.0531154239019408,22875.7454545455,8260,0.35,6215,4225,26.3,26.3,6310,0.267033432077867,15665,0.663068783068783,3660,0.154920634920635,1365,0.0572783349418824,13825,0.585309060118544,4250,0.474330357142857,6790,0.7578125,1500,0.167410714285714,455,0.05078125,4135,0.46486790331647,2450,0.117618819011042,5515,0.264762361977916,12865,0.617618819011042,1050,8.4,525,8.5
"37",51,9,32,5,3,6,106,1120,2225,7045,8095,16936,640,0.143658810325477,8580,3670,2000,44576,560,0.0393811533052039,27844.3333333333,5360,0.32,4535,3070,27.1,27.1,3940,0.236352729454109,9390,0.563287342531494,1675,0.100479904019196,460,0.0271610769957487,9630,0.577684463107379,2755,0.364417989417989,3680,0.486450760079313,750,0.0992063492063492,390,0.0515873015873016,3475,0.462408516300732,1405,0.0945491251682369,3140,0.211305518169583,10315,0.69414535666218,845,9.8,430,9.6
"38",47,18,39,4,4,8,120,1045,2110,6455,7285,16164,685,0.156571428571429,6770,3620,2630,72371,550,0.0423239707579838,37613.9174311927,3595,0.22,2830,2145,17.6,19.3,3085,0.191972619788426,7075,0.440398381574852,1470,0.0915032679738562,465,0.0287676317743133,6930,0.431372549019608,2740,0.416097190584662,4020,0.610015174506829,750,0.113808801213961,355,0.0538694992412747,2535,0.385844748858447,1050,0.0769230769230769,2740,0.200732600732601,9850,0.721611721611722,665,7.2,350,7.6
"39",38,23,114,16,13,5,209,1645,3210,8520,10195,23236,795,0.130649137222679,7630,4430,5635,123077,625,0.0354207990932275,50026.5930851064,3060,0.13,2170,1310,9.4,9.6,2245,0.097144093466032,6805,0.294461272176547,1260,0.054521852012116,385,0.0165691168875882,4845,0.209604153147307,2595,0.301393728222997,7425,0.862369337979094,610,0.0708478513356562,470,0.0545876887340302,2320,0.270081490104773,1985,0.106950431034483,3815,0.205549568965517,12765,0.687769396551724,650,5.5,310,5.3
"40",54,9,58,16,6,7,150,1365,2545,7180,8015,17812,875,0.170731707317073,6920,3725,3590,100516,390,0.0274068868587491,42015.1045918367,3540,0.2,2810,1850,15.9,16.7,2615,0.147907239819005,8835,0.4998585572843,1400,0.0792079207920792,540,0.0303166404671008,8940,0.505799151343706,2140,0.332814930015552,5255,0.817262830482115,440,0.0684292379471229,310,0.0482115085536547,2170,0.33879781420765,1440,0.0957446808510638,3135,0.20844414893617,10465,0.695811170212766,770,8.3,380,8
"41",13,4,50,1,3,7,78,755,1420,3705,4115,9266,290,0.109848484848485,2685,1575,3040,308010,145,0.0197144799456152,68528.5588235294,980,0.11,810,520,8.8,9.4,785,0.085465432770822,3150,0.342950462710942,330,0.0359281437125748,85,0.00917332182171379,2765,0.301034295046271,295,0.0910493827160494,2290,0.70679012345679,55,0.0169753086419753,100,0.0308641975308642,740,0.228395061728395,615,0.079406068431246,1500,0.193673337637185,5635,0.727566171723693,360,8,200,8
"42",73,7,54,10,8,13,165,1415,2725,10890,13195,27695,1245,0.16370808678501,10720,7185,4490,67757,920,0.0411909558988135,42493.2232375979,4795,0.18,3705,2275,13.7,14,2900,0.107407407407407,13195,0.488703703703704,1500,0.0555555555555556,1050,0.0379129806824337,12700,0.470457492128172,4735,0.39035449299258,7665,0.632164948453608,865,0.0713696369636964,480,0.0396039603960396,4045,0.334712453454696,2295,0.0981188542112014,5150,0.220179563916203,15950,0.681915348439504,1010,7.2,450,6.4
"43",75,12,11,7,4,10,119,1020,2045,6755,8135,17510,1295,0.279697624190065,9180,3710,885,35786,900,0.0653120464441219,26450.5743902439,5610,0.33,4455,2570,25.9,23.6,2485,0.144602851323829,9185,0.534633294528521,1695,0.0986612339930151,1905,0.1087949743004,10155,0.590922315973232,4350,0.586253369272237,5855,0.790681971640783,1120,0.151045178691841,480,0.0647773279352227,2820,0.381081081081081,2930,0.201374570446735,3780,0.25979381443299,7840,0.538831615120275,870,10.1,430,10
"44",122,4,14,17,3,8,168,1610,3065,8305,9230,21933,1360,0.237762237762238,12285,3370,555,28654,1105,0.0682941903584672,21331.9835766423,9515,0.43,7605,4215,34.7,30.8,4720,0.215377595254392,14030,0.640054744525547,2795,0.127509124087591,3095,0.141111567045092,17220,0.785763175906913,4335,0.553639846743295,3725,0.475430759412891,2220,0.283524904214559,835,0.106641123882503,3520,0.449553001277139,3825,0.218135158254919,4850,0.276589677787283,8880,0.506415739948674,1050,10.6,550,10.4
"45",136,28,46,24,2,8,244,2400,4685,13385,15560,34805,2560,0.264736297828335,16615,7860,2655,42516,1615,0.0597926693817105,29471.3482849604,9345,0.27,7150,4295,20.6,19.3,4810,0.138516918646508,17210,0.495536999712064,2790,0.080334005182839,2930,0.0841833069961212,19075,0.549236970918514,8020,0.602554470323065,11800,0.885885885885886,1935,0.145379413974455,1150,0.0864336715520481,4925,0.371417797888386,4140,0.143302180685358,7660,0.265143648321218,17085,0.591381100726895,1685,9.2,845,9.2
"46",39,8,29,12,2,4,94,1070,2075,6565,7220,15818,845,0.185104052573932,8570,3475,970,36346,705,0.0539816232771822,25882.5285714286,4040,0.26,2770,1775,17.5,17.7,3255,0.20594748497311,9765,0.617842454919329,1320,0.0835178740904777,740,0.046782146921229,10155,0.642518190446061,1340,0.242753623188406,4375,0.793291024478694,470,0.085222121486854,270,0.0489573889392566,1805,0.327586206896552,2355,0.171148255813953,3495,0.253997093023256,7910,0.574854651162791,810,10,455,10.6
"47",112,25,63,17,9,15,241,1675,3260,10715,12220,27051,1470,0.192660550458716,14115,5600,1785,37379,1250,0.0580315691736305,25925.3333333333,8215,0.31,6300,4145,23.5,23.7,6550,0.244220730797912,17865,0.666231586798434,3785,0.141152340108148,2290,0.0846549110938598,19025,0.709226467847157,4870,0.488955823293173,7125,0.715002508780733,1575,0.157973921765296,685,0.0688096433952788,4065,0.409159536990438,2505,0.110013175230567,5220,0.229249011857708,15035,0.660298638559508,1330,9.6,675,9.5
"48",39,23,28,8,1,3,102,1130,2160,6750,8050,16934,935,0.188698284561049,8905,3660,1475,40442,595,0.0422435214767483,26198.7570093458,4780,0.28,3710,1970,21.9,19.9,2930,0.173167848699764,11285,0.666962174940898,1125,0.0664893617021277,715,0.0422227471359395,12785,0.755838013597399,1505,0.235524256651017,4285,0.669008587041374,410,0.0641125879593432,390,0.0609375,2260,0.35340109460516,1865,0.12597095575819,3400,0.229652144545762,9545,0.644714623438028,660,8.3,320,8.1
"49",32,13,31,0,2,3,81,830,1630,5230,6405,13154,690,0.181818181818182,6320,2780,1460,47246,370,0.0350544765513974,29485.2173913043,3075,0.24,2335,1475,18.4,19.7,2090,0.165086887835703,7535,0.59494670351362,1070,0.0844848006316621,415,0.0315493386042269,8250,0.651916238640853,1985,0.422340425531915,4260,0.906382978723404,335,0.0712765957446809,305,0.0650319829424307,1810,0.386752136752137,1295,0.116091438816674,2385,0.213805468399821,7470,0.669654863290004,495,8,195,6.3
"50",128,29,51,12,8,14,242,1105,2195,6770,7720,16097,700,0.164319248826291,8640,3140,1415,45212,390,0.0294784580498866,23950.4245901639,5360,0.35,4260,2940,27.4,27.5,3870,0.249114901834567,9945,0.640167364016736,1855,0.119407788863856,750,0.0465925327700814,11215,0.722150676110753,2155,0.352700490998363,3755,0.614566284779051,680,0.111201962387572,245,0.0400654129190515,2945,0.485172981878089,1485,0.106451612903226,3005,0.215412186379928,9460,0.678136200716846,710,8.8,330,8
"51",153,24,82,30,16,15,320,3290,6930,20625,23865,50434,2340,0.169996367598983,24825,11090,5610,45326,1615,0.0388501323069521,27681.5556242274,17585,0.35,15220,11270,30.3,30.6,15105,0.300537206526064,31040,0.617588539594111,7405,0.14733386390768,1405,0.0278581909029623,37715,0.75047258979206,8505,0.381475667189953,5970,0.267593007619901,3125,0.140134529147982,645,0.0289237668161435,11140,0.502594180013535,3110,0.0701556508008121,8580,0.193548387096774,32650,0.736521542973156,2300,8.5,1035,7.6
"52",70,14,37,8,5,8,142,1255,2495,8750,10205,21396,1020,0.168039538714992,9935,5170,2625,52035,735,0.041537157389093,32818.5100671141,6000,0.28,5015,3655,23.7,24.7,4920,0.232789212207239,12625,0.59720908230842,2520,0.119205298013245,740,0.0345859039072724,14505,0.686140018921476,3930,0.412381951731375,3760,0.394543546694648,1095,0.114900314795383,345,0.0362014690451207,4320,0.454976303317536,1310,0.0699599465954606,3680,0.19652870493992,13740,0.733778371161549,910,7.7,405,6.8
"53",48,8,12,1,1,5,75,1225,2330,6400,6815,15723,775,0.186074429771909,8120,3285,895,36359,625,0.0507511165245635,24885.5048859935,5610,0.36,4645,3320,29.6,29.3,5680,0.361668258516396,9525,0.606108813235762,2935,0.186764237989182,1410,0.0896775424537302,12030,0.765510658606427,4010,0.630999213217939,3130,0.491751767478397,1450,0.227987421383648,390,0.0612725844461901,3085,0.486593059936908,1210,0.0915972747918244,2765,0.209311127933384,9230,0.698713096139288,890,10.3,420,9.2
"54",97,4,30,16,6,12,165,1205,2370,7400,8135,18675,1235,0.246753246753247,8995,3965,1565,43907,1010,0.0696791997240428,29103.7406976744,5380,0.29,4160,2580,22.5,21.2,2325,0.125709651257097,6890,0.372432432432432,1245,0.0672972972972973,1155,0.0618473895582329,6975,0.377027027027027,4005,0.536503683858004,7150,0.957803081044876,1130,0.151271753681392,815,0.109176155391829,2830,0.379356568364611,2905,0.188697629100357,4240,0.275414095485547,8250,0.535888275414095,970,10.1,480,9.7
"55",69,4,28,10,12,20,143,1285,2460,7410,8065,21108,870,0.172106824925816,10625,2715,585,28875,765,0.0548583721764073,20075.0997854077,11290,0.54,9490,4990,45.5,40.4,5625,0.269913627639155,13270,0.636909047276218,3880,0.186225101991841,2620,0.124123555050218,16495,0.791316862556968,6335,0.889122807017544,5995,0.840813464235624,3005,0.422050561797753,885,0.124210526315789,3570,0.501756851721715,3195,0.209576910462447,4015,0.263365037717284,8035,0.527058051820269,1070,12.6,655,12.8
"56",30,4,31,8,3,6,82,1100,2170,6305,7230,16828,605,0.132675438596491,4940,3370,4410,125564,490,0.0384012539184953,58199.18,1515,0.09,1140,760,6.9,7.4,835,0.050165214779213,3375,0.202824519230769,355,0.0213341346153846,185,0.0109935821250297,2935,0.176435226931169,1800,0.27972027972028,5980,0.928571428571429,255,0.0395962732919255,365,0.0566770186335404,1415,0.220233463035019,1125,0.0841750841750842,2350,0.17583239805462,9880,0.73924429479985,635,6.9,360,7.7
"57",33,6,13,4,2,8,66,505,1045,4690,5345,11499,645,0.219387755102041,5735,2795,1005,44557,545,0.0573684210526316,30697.0456730769,3295,0.29,2560,1700,22.6,21.7,1400,0.123620309050773,4790,0.422771403353928,680,0.060017652250662,805,0.0700060874858683,3135,0.276699029126214,3855,0.680494263018535,5125,0.904677846425419,855,0.150926743159753,635,0.112091791703442,2275,0.402298850574713,1665,0.168607594936709,2295,0.232405063291139,5920,0.599493670886076,540,8.2,260,7.8
"58",57,7,38,8,3,2,115,490,920,3765,4030,9233,485,0.188349514563107,3940,2255,1250,53315,445,0.0600539811066127,36957.3461538462,1670,0.18,1245,775,13.5,13,585,0.0635179153094463,3025,0.328091106290672,320,0.03470715835141,320,0.0346582909130293,2470,0.268186753528773,1320,0.348284960422164,3770,0.994722955145119,360,0.0949868073878628,295,0.077733860342556,1100,0.290620871862616,1340,0.173238526179703,1930,0.249515190691661,4470,0.577892695539754,255,5,125,4.8
"59",28,8,27,5,2,9,79,735,1440,6720,7395,17180,840,0.17319587628866,7035,4240,2270,51846,895,0.0660516605166052,37765.1808510638,3145,0.18,2330,1360,13.6,12.3,1080,0.0632503660322108,5575,0.326309628328944,410,0.0239976587649985,440,0.0256111757857974,5090,0.298009367681499,2060,0.293238434163701,6860,0.977207977207977,485,0.0690883190883191,635,0.0904558404558405,1900,0.270848182466144,2500,0.177872643187478,3045,0.216648879402348,8510,0.605478477410174,650,6.9,360,7.6
"60",39,4,17,10,4,9,83,360,670,3225,3455,7865,430,0.195454545454545,3400,2195,880,47710,420,0.0648148148148148,37221.5,1605,0.2,1190,735,15.2,13.5,490,0.0623806492679822,2190,0.278980891719745,130,0.0165605095541401,235,0.0298792116973935,2435,0.310191082802548,1095,0.317391304347826,3370,0.976811594202899,215,0.0623188405797101,420,0.121739130434783,1100,0.318840579710145,1015,0.151718983557549,1760,0.263079222720478,3920,0.585949177877429,310,6.6,160,6.7
"61",74,8,35,13,4,9,143,835,1685,6150,6570,15683,890,0.219211822660099,8525,2785,415,30430,820,0.0696095076400679,23033.55078125,6535,0.42,5100,3240,32.9,30.8,3660,0.236357765579593,8705,0.562156926057475,2500,0.161446561188247,1200,0.0765159727093031,10355,0.668711656441718,4215,0.672248803827751,4850,0.773524720893142,1815,0.289243027888446,760,0.121212121212121,2770,0.441434262948207,2030,0.162011173184358,3065,0.244612928970471,7440,0.593774940143655,910,11.5,400,9.3
"62",142,19,86,29,12,10,298,1130,2215,8460,9200,21381,1220,0.21384750219106,8830,4765,2940,54324,1120,0.0675512665862485,36010.0372340426,4985,0.24,3955,2560,18.8,18,2000,0.0951927653498334,5920,0.281770585435507,1005,0.0478343645882913,640,0.0299331181890463,6475,0.308186577820086,4190,0.456427015250545,8775,0.955882352941177,780,0.0849673202614379,690,0.0751224823081111,2870,0.312977099236641,2290,0.132408210465452,3915,0.226366001734605,11085,0.640936686903729,990,8.2,520,8.7
"63",70,8,64,11,4,24,181,1020,2090,8280,9440,21567,895,0.150927487352445,6930,4945,5055,92580,890,0.0525073746312684,53348.0814479638,2650,0.12,2010,1405,9.4,10,1180,0.0550244812310562,4225,0.197061567164179,395,0.0184235074626866,180,0.00834608429545138,2980,0.138960130566566,3540,0.375397667020148,8285,0.878113407525172,340,0.0360742705570292,770,0.0816976127320955,2710,0.287685774946921,1455,0.0825531914893617,3420,0.194042553191489,12750,0.723404255319149,725,5.7,335,5.4
"64",58,5,44,5,2,8,122,530,1045,4860,5380,12541,675,0.196793002915452,4855,3005,1905,55199,750,0.0767656090071648,40376.6746575342,2530,0.2,1965,1275,15.8,15.1,775,0.062374245472837,2935,0.236122284794851,265,0.0213193885760257,195,0.0155489992823539,3380,0.271813429835143,2275,0.41704857928506,5140,0.942254812098992,305,0.0559633027522936,520,0.0954128440366973,1560,0.286764705882353,1430,0.141444114737883,2065,0.204253214638971,6620,0.654797230464886,560,7.7,315,8.9
"65",66,10,56,8,6,14,160,685,1305,5750,6185,14417,835,0.215483870967742,6520,3310,1655,46206,775,0.0673620165145589,32146.25,3740,0.26,2825,1820,19.7,18.3,950,0.0660639777468707,4385,0.30504347826087,335,0.023304347826087,495,0.0343344662551155,5625,0.391168289290681,2455,0.405450041288192,5925,0.979338842975207,480,0.0792733278282411,645,0.106523534269199,1970,0.326158940397351,1960,0.164360587002096,2710,0.227253668763103,7255,0.608385744234801,595,7.2,275,6.7
"66",95,10,58,27,9,20,219,440,915,3910,4075,9666,410,0.16015625,4175,2085,1425,55225,385,0.0503267973856209,34363.9703389831,1895,0.2,1360,760,14.2,12.2,675,0.0703491401771756,2855,0.297705943691345,235,0.0245046923879041,145,0.0150010345541072,2480,0.258467952058364,1400,0.356234096692112,3870,0.984732824427481,225,0.0573248407643312,340,0.086624203821656,1190,0.303184713375796,1440,0.181132075471698,1670,0.210062893081761,4840,0.608805031446541,340,6.2,175,6.4
"67",69,8,41,12,4,6,140,370,725,3245,3385,7804,270,0.13953488372093,3090,1800,1415,70831,300,0.0476190476190476,41237.5,1425,0.19,1040,710,13.6,13.7,555,0.0725964682799215,1795,0.234947643979058,235,0.0307591623036649,110,0.0140953357252691,1560,0.204188481675393,1920,0.536312849162011,3530,0.987412587412587,170,0.0475524475524476,275,0.0769230769230769,1335,0.373949579831933,635,0.0978428351309707,1190,0.183359013867488,4660,0.718027734976888,300,6.4,145,6.1
"68",34,4,26,21,4,6,95,625,1170,4815,5155,11916,490,0.156050955414013,4375,2625,2425,73253,495,0.0522427440633245,44786.7553191489,1880,0.16,1275,900,10.9,11.5,650,0.0556983718937446,2925,0.250428082191781,190,0.0162671232876712,215,0.0180429674387378,2815,0.241010273972603,2205,0.440119760479042,4900,0.979020979020979,195,0.038961038961039,350,0.0699300699300699,1305,0.261523046092184,1040,0.106831022085259,1850,0.190035952747817,6845,0.703133025166923,380,5.3,205,5.7
"69",51,2,14,8,1,12,88,455,885,3030,3300,7727,535,0.255369928400955,3510,1520,955,48511,325,0.0544844928751048,29439.3544776119,2365,0.31,1885,1130,24.5,22,470,0.0611581001951854,2420,0.314899154196487,210,0.0273259596616786,380,0.0491782062896337,2960,0.385165907612232,1435,0.458466453674121,3050,0.97444089456869,225,0.0718849840255591,290,0.092948717948718,970,0.310897435897436,1175,0.187250996015936,1345,0.214342629482072,3760,0.599203187250996,345,8.5,195,9.5
"70",167,24,140,17,20,44,412,1255,2450,11900,12005,27876,1390,0.191988950276243,11975,6205,4215,53803,1485,0.0661764705882353,35841.6617647059,7040,0.26,5055,3315,18.7,16.8,2305,0.0852283231650952,8210,0.30362426035503,800,0.029585798816568,1170,0.0419715884631941,11225,0.415048992420041,4840,0.400828157349896,9710,0.803807947019868,725,0.0600165562913907,930,0.0769230769230769,3745,0.311564059900166,4050,0.174946004319654,4820,0.208207343412527,14280,0.616846652267819,1070,6.5,565,6.7
"71",102,9,55,17,5,28,216,500,1030,6160,4685,11669,380,0.146718146718147,5035,3025,1920,63012,515,0.0517068273092369,39475.7965116279,2970,0.27,2290,1540,20.8,19.1,1030,0.0936789449749886,3770,0.343039126478617,365,0.0332120109190173,355,0.0304224869311852,3170,0.288444040036397,3590,0.557020946470132,4535,0.704739704739705,360,0.0558572536850272,685,0.106366459627329,2500,0.388500388500388,770,0.0756013745704467,2065,0.202749140893471,7370,0.723613156602847,585,8,370,8.7
"72",104,5,26,20,3,12,170,890,1775,4730,4440,10803,720,0.292089249492901,6140,1820,600,34597,500,0.0587889476778366,20938.6816326531,5430,0.51,4515,2955,42.3,37.3,1315,0.123185011709602,5015,0.469789227166276,560,0.0524590163934426,1340,0.124039618624456,7470,0.699765807962529,3700,0.746720484359233,2915,0.587701612903226,790,0.159434914228052,480,0.0967741935483871,1950,0.394736842105263,1870,0.206744057490326,2335,0.258153676064124,4835,0.534549474847982,545,9.6,305,9.8
"73",359,17,127,102,12,174,791,1035,2045,10850,8120,20506,725,0.188067444876783,8985,4695,2915,58915,775,0.0466445982545892,34432.7550607287,7040,0.38,5895,4410,31.9,29.1,2215,0.119989165763814,6470,0.35058249796803,945,0.0512056353291791,1590,0.0775382814785916,7860,0.42578548212351,7630,0.660320207702293,6290,0.544353093898745,940,0.0813500649069667,895,0.0774891774891775,4615,0.399913344887348,1680,0.0986494421608925,3415,0.200528479154433,11940,0.701115678214915,845,6.9,430,6.3
"74",140,16,60,21,13,28,278,1170,2265,8705,7650,18615,940,0.237373737373737,10900,3620,810,32648,930,0.0607644560601111,23697.6608315098,8400,0.46,6695,4770,36.5,33.8,4630,0.252247344047943,9485,0.516752928357396,2525,0.137564696268047,1820,0.0977706150953532,12270,0.668482702260964,8610,0.900627615062761,8255,0.863493723849372,2185,0.228676085818943,920,0.096234309623431,4195,0.439958049292082,2040,0.126905132192846,3805,0.236702954898911,10230,0.636391912908243,1125,10.4,535,8.6
"75",609,26,165,139,39,135,1113,2250,5040,16520,13555,31340,750,0.12701100762066,14640,9330,4435,53583,1100,0.0387733521325344,38306.7127659574,9760,0.32,7880,6810,26,26.2,5585,0.184262619597493,10935,0.36077202243484,1970,0.0649950511382382,1040,0.0331844288449266,12440,0.410493317934334,13865,0.704164550533266,9745,0.49504699009398,1715,0.0871664548919949,1060,0.0538481076962154,8890,0.453340132585416,1220,0.0419316033682763,5510,0.18937961849115,22355,0.768345076473621,1865,8.5,970,7.9
"76",395,19,87,46,36,132,715,3070,6865,11385,12755,25797,790,0.154598825831703,13590,5860,3460,56526,595,0.0260564922268448,27511.6865671642,10840,0.42,9665,8480,37.7,39.7,8425,0.3291015625,10455,0.408318687756298,2275,0.0888498340167936,475,0.0184129937589642,15925,0.621948838117555,10245,0.679376657824934,4330,0.287230514096186,1900,0.126036484245439,395,0.0262023217247098,8520,0.572196104768301,700,0.0292397660818713,5740,0.239766081871345,17505,0.731203007518797,1535,10.2,725,9.5
"77",631,35,191,47,49,140,1093,3670,7815,31435,30825,65913,1690,0.117238987166146,23735,22655,14185,70600,2710,0.0447047179148796,52980.2745398773,13980,0.21,10820,8875,16.5,15.6,10825,0.164964949710454,23820,0.362999085644621,4730,0.0720816824138982,1930,0.0292810219531807,28895,0.440338311490399,23930,0.587095191364082,5030,0.123420439209913,2955,0.0725153374233129,895,0.0219578017664377,16500,0.406704461424698,1900,0.0306501048556219,8340,0.134537828682046,51740,0.834650750120987,2640,5.2,1170,4.3
"78",297,24,84,50,17,105,577,1675,3355,8060,8550,17945,870,0.257016248153619,11080,3345,1300,37422,540,0.0343074968233799,20730.125,8055,0.46,5800,4095,33.2,30.6,3010,0.172394043528064,7615,0.436139747995418,840,0.0481099656357388,1230,0.0685427695736974,10520,0.602692638212547,6200,0.709788208357184,6035,0.690898683457356,805,0.0921052631578947,850,0.097254004576659,4190,0.481332567489948,2850,0.176415970287837,4205,0.260290931600124,9095,0.56298359640978,825,8.2,400,7.9
"79",133,16,44,26,5,35,259,760,1480,3505,3550,7607,215,0.153024911032028,3625,1485,910,50757,215,0.0359231411862991,29406.9539473684,2225,0.33,1495,1255,22.4,24.5,1155,0.173033707865169,2015,0.30187265917603,315,0.0471910112359551,160,0.0210332588405416,2205,0.330337078651685,2125,0.625920471281296,2885,0.849779086892489,240,0.0706921944035346,295,0.0870206489675516,1580,0.466765140324963,520,0.0842787682333874,1190,0.192868719611021,4460,0.722852512155592,365,8.3,200,8.9
"80",67,18,34,11,5,9,144,670,1470,6010,6520,13826,485,0.151799687010955,6920,3635,1670,58071,555,0.0453061224489796,33811.8793103448,3395,0.25,1895,1420,13.8,13.7,1305,0.0948745910577972,4100,0.29796511627907,325,0.0236191860465116,295,0.0213366121799508,2950,0.214389534883721,3715,0.586887835703002,6040,0.953433307024467,355,0.0560821484992101,685,0.108129439621152,2380,0.375690607734807,1795,0.143714971977582,2410,0.192954363490793,8280,0.66293034427542,630,6.8,345,7.6
"81",128,15,47,13,3,54,260,745,1635,7280,7520,16556,700,0.173053152039555,8490,3760,1920,50694,800,0.0564174894217207,30070.6643109541,4205,0.26,2385,1810,14.7,15.1,1850,0.113986444855206,5810,0.357979051139864,460,0.0283425754775108,685,0.0413747281952162,4820,0.2969808995687,3305,0.477601156069364,6410,0.926300578034682,400,0.0578871201157742,520,0.0753077480086894,2485,0.361454545454545,3115,0.215050051777701,3275,0.226095961339317,8090,0.558508802209182,610,6.1,350,6.8
"82",129,14,55,6,15,55,274,1060,2430,14350,14770,31180,885,0.1243851018974,10330,11415,6195,70623,1405,0.050286327845383,54430.9294117647,5565,0.18,4185,3430,13.7,12.8,3305,0.108627773212818,8995,0.295499342969777,1405,0.0461563731931669,1040,0.0333547145606158,10665,0.350361366622865,9395,0.500399467376831,3070,0.163558870538093,1105,0.0588705380927011,375,0.0199786893979755,7210,0.384635902907442,1280,0.0450862979922508,3805,0.134026065516027,23305,0.820887636491722,1110,4.5,510,4.1
"83",57,4,16,12,4,20,113,520,1065,5180,5320,11785,495,0.168654173764906,6250,3005,870,40588,690,0.0678799803246434,30384.5769230769,3195,0.27,2105,1505,18,17.3,1530,0.13065755764304,4395,0.37532023911187,480,0.0409906063193851,470,0.0398812049215104,3630,0.30999146029035,3235,0.594669117647059,4845,0.890625,530,0.0975160993560258,500,0.0920810313075506,2165,0.398710865561694,2150,0.206136145733461,2125,0.203739213806328,6150,0.589645254074784,565,7.5,310,7.8
"84",87,10,35,5,2,18,157,755,1600,6920,7250,15559,620,0.174402250351617,7435,4450,1460,45737,785,0.0586915887850467,34610.8462897526,3630,0.24,2350,1835,15.6,15.3,1655,0.109930255728994,4835,0.321155762205247,500,0.0332115576220525,500,0.0321357413715534,4265,0.283294586516108,4145,0.558249158249158,4770,0.642424242424242,470,0.063257065948856,480,0.0646029609690444,3130,0.422687373396354,2385,0.174661296228488,2775,0.20322226290736,8490,0.62175027462468,685,6.4,335,6.3
"85",139,20,56,20,11,30,276,1065,2260,9875,9875,21849,1135,0.252222222222222,12315,4690,985,35207,1265,0.07043429844098,25954.265625,8190,0.4,6290,4585,30.5,28.5,3115,0.150774443368829,8920,0.431856693294602,1695,0.0820624546114742,2745,0.125635040505286,9920,0.480271120793997,9865,0.866110623353819,9860,0.865671641791045,1810,0.15891132572432,1245,0.109306409130817,5600,0.492307692307692,3050,0.164110842076944,4520,0.243206887274684,11020,0.592951304815712,1125,8.6,600,9
"86",158,15,48,35,3,28,287,650,1295,6210,6410,14974,615,0.167119565217391,6825,3380,1915,50580,760,0.0624743115495273,33076.6153846154,4040,0.27,2965,1920,19.9,18.2,1355,0.0911230665770007,4395,0.29546218487395,510,0.0342857142857143,805,0.0537598504073728,3795,0.255211835911231,3885,0.563451776649746,6310,0.916485112563544,645,0.0936139332365747,830,0.120551924473493,2595,0.37718023255814,1800,0.143255073617191,2725,0.216872264226025,8060,0.641464385196976,600,6.7,320,7.1
"87",50,8,30,9,4,20,121,1015,2140,9315,11110,23925,965,0.153662420382166,8420,6370,4385,71204,1060,0.0552083333333333,47273.4158878505,3650,0.16,2600,1725,11.1,10.8,1490,0.0638115631691649,6565,0.281216534589848,505,0.021632041122296,755,0.0315569487983281,4465,0.191179618925284,4745,0.43632183908046,7365,0.677241379310345,515,0.0473563218390805,725,0.0666666666666667,3260,0.300599354541263,1575,0.0794852384557154,3385,0.170830179157204,14845,0.749179914206409,865,6,395,5.6
"88",102,8,27,29,2,8,176,870,1890,8955,10330,22162,885,0.154585152838428,9015,5945,3320,57465,1145,0.0627397260273973,40786.0849056604,4710,0.22,3605,2585,16.5,16.6,2650,0.121531758770924,7670,0.351673544245759,1240,0.056854653828519,1075,0.0485064524862377,5185,0.237680495072198,7295,0.661978221415608,9525,0.863945578231292,1015,0.0920634920634921,795,0.0721415607985481,4045,0.367560199909132,1535,0.080917237743806,3250,0.171323141802847,14210,0.749077490774908,970,7.1,565,8.3
"89",41,10,22,12,1,7,93,445,955,3775,4245,10070,390,0.134948096885813,3230,2390,2075,71888,465,0.0602331606217617,51095.1285714286,1010,0.1,690,450,6.9,7,525,0.0521609538002981,2335,0.231876861966236,170,0.0168818272095333,205,0.0203574975173784,1600,0.15888778550149,815,0.213630406290957,3795,0.99475753604194,110,0.0287958115183246,240,0.0627450980392157,805,0.210732984293194,960,0.119700748129676,1385,0.172693266832918,5665,0.706359102244389,295,5.1,155,5.5
"90",99,21,33,12,1,14,180,740,1445,5890,6285,14366,700,0.184940554821664,6195,3795,1575,49709,775,0.0669546436285097,36266.3416289593,2790,0.2,1900,1390,13.5,13.7,965,0.0685612788632327,4550,0.323268206039076,345,0.0245115452930728,700,0.0487261589864959,4160,0.295349662761803,2460,0.407960199004975,5055,0.839004149377593,405,0.0671641791044776,320,0.0531120331950207,1960,0.325581395348837,1695,0.14125,2510,0.209166666666667,7790,0.649166666666667,500,5.6,305,7
"91",70,17,16,10,7,29,149,745,1415,4720,4705,11098,765,0.258010118043845,6100,2410,440,33528,740,0.0825892857142857,25237.5714285714,3130,0.28,2260,1480,20.4,19.2,1465,0.132100991884581,5370,0.484220018034265,370,0.0333633904418395,865,0.0779419715264012,4210,0.37979251240415,1750,0.414201183431953,4085,0.966863905325444,505,0.119385342789598,395,0.093491124260355,1300,0.307692307692308,3095,0.328556263269639,2590,0.274946921443737,3730,0.395966029723992,505,8.5,285,9.2
"92",69,7,15,24,2,19,136,750,1530,5955,6260,14133,825,0.206766917293233,7110,3510,1050,41717,980,0.0834397616006811,30000,2990,0.21,1885,1305,13.4,13.3,1900,0.134656272147413,6095,0.432116270825948,560,0.0397022332506203,455,0.0321941555225359,3545,0.251418439716312,2055,0.373297002724796,5275,0.958219800181653,485,0.088021778584392,400,0.072661217075386,1765,0.320909090909091,3390,0.277868852459016,2875,0.235655737704918,5925,0.485655737704918,600,7.2,300,7
"93",230,28,97,41,10,20,426,1925,3940,15725,16405,36625,1880,0.198626518753302,19290,8775,2710,39740,2315,0.0754071661237785,28759.6724683544,9505,0.26,6205,4375,17.1,16.4,4300,0.118800939356265,14395,0.397597016986604,1330,0.0367352575611103,1595,0.0435494880546075,12275,0.33899475283071,7665,0.500980392156863,13455,0.88027477919529,1330,0.0868997059784384,1245,0.0814257684761282,5690,0.372626064178127,7105,0.223709068010076,7335,0.230950881612091,17325,0.545497481108312,1610,7.2,875,7.6
"94",52,16,29,9,3,17,126,645,1320,5655,6840,14349,750,0.215827338129496,6300,3085,1620,54460,675,0.0611967361740707,31778.1726804124,3165,0.24,2200,1405,16.7,15.8,1115,0.0841509433962264,4345,0.3280483201208,315,0.0237825594563986,330,0.0229981183357725,3635,0.274339622641509,3040,0.516129032258065,5340,0.905852417302799,410,0.0696095076400679,470,0.0797285835453774,2095,0.356899488926746,1860,0.163372859025033,2285,0.200702678963549,7230,0.635046113306983,410,5.2,220,5.7
"95",265,19,137,47,25,43,536,1680,3750,13220,14970,30526,895,0.133582089552239,12240,7340,6075,112766,910,0.0355260589498341,43035.8720930233,7035,0.25,5245,4215,18.3,20.1,3085,0.107697678477919,8270,0.288756983240223,975,0.0340432960893855,465,0.0152329162025814,7270,0.253840782122905,9870,0.619585687382298,11430,0.717514124293785,800,0.0502354788069074,1200,0.0753059303420144,6445,0.406496373383791,1585,0.0602890833016356,4270,0.162419170787372,20430,0.777101559528338,1250,6.7,630,6.9
"96",38,5,31,2,5,21,102,525,1075,4460,5310,10968,315,0.109375,3775,2660,2880,165047,345,0.0368392952482648,53431.8601694915,1775,0.16,1350,945,12.5,14,820,0.0752984389348026,2885,0.265165441176471,285,0.0261948529411765,250,0.0227935813274982,1870,0.171796049609554,3235,0.597966728280961,4515,0.83456561922366,235,0.0434782608695652,385,0.0711645101663586,1980,0.368715083798883,490,0.0508035251425609,1690,0.175220321410057,7460,0.773457750129601,425,6.6,200,6.2
"97",21,4,7,3,7,13,55,405,920,5010,6290,12528,390,0.123417721518987,4200,3550,3145,114174,420,0.038870893105044,53795.9166666667,2015,0.16,1600,1240,12.9,15.1,1360,0.110569105691057,3580,0.291293734743694,670,0.0545158665581774,170,0.0135696040868455,2555,0.207723577235772,4315,0.614672364672365,5165,0.736279401282965,380,0.0541310541310541,565,0.0804843304843305,2535,0.361111111111111,460,0.0414414414414414,1820,0.163963963963964,8820,0.794594594594595,455,5.9,210,5.6
"98",140,13,80,21,9,26,289,1025,2190,8345,9970,20923,605,0.109601449275362,6245,4840,6230,207903,480,0.0277697425513451,61994.4813829787,2700,0.13,2110,1485,10.2,11.9,1920,0.0931360659713801,5495,0.26661814653081,750,0.0363901018922853,240,0.0114706304067294,3740,0.181465308102863,4485,0.446046742913973,7000,0.696517412935323,480,0.0477374440576827,550,0.054726368159204,3075,0.307192807192807,1045,0.0580555555555556,2870,0.159444444444444,14090,0.782777777777778,695,6,315,5.4
"99",22,8,14,2,2,6,54,825,1700,6275,7505,16775,615,0.136818687430478,5435,3780,3975,85340,680,0.0515933232169954,52150.9476744186,2265,0.14,1730,1080,10.3,10,1440,0.0859701492537313,4510,0.26909307875895,635,0.0378878281622912,325,0.0193740685543964,3825,0.228221957040573,3230,0.434431741761937,6980,0.938802958977808,395,0.0531271015467384,410,0.0551445864156019,2185,0.294276094276094,1015,0.0736574746008708,2280,0.165457184325109,10475,0.760159651669086,670,6.9,345,7.3
"100",22,3,20,7,3,35,90,600,1225,4630,5375,11817,425,0.138662316476346,4100,3025,2460,89330,435,0.0455259026687598,48877.3173076923,1845,0.16,1420,1070,12,13.2,1380,0.116899618805591,3180,0.269377382465057,600,0.0508259212198221,195,0.0165016501650165,3155,0.267259635747565,3480,0.613756613756614,5020,0.883802816901408,345,0.0607394366197183,325,0.0572687224669604,1925,0.339506172839506,575,0.0575,1430,0.143,7990,0.799,505,6.9,195,5.5
"101",10,7,21,2,4,12,56,670,1360,4255,5145,10732,305,0.108928571428571,3535,2550,2920,204521,270,0.0298177802319161,55247.4090909091,1535,0.14,1140,745,10.7,11.2,995,0.0939122227465786,2755,0.25978312116926,465,0.0438472418670438,135,0.0125792023853895,1775,0.167452830188679,2320,0.468686868686869,4035,0.816801619433198,170,0.0343781597573306,320,0.0647118301314459,1650,0.333333333333333,690,0.0742734122712594,1605,0.172766415500538,6990,0.752421959095802,340,5.6,175,5.7
"102",35,3,19,8,4,2,71,750,1510,4690,6060,12806,575,0.174506828528073,5320,2775,2105,85099,425,0.0415647921760391,37671.1904761905,2705,0.21,1960,1265,15.5,15.5,2015,0.159099881563364,4975,0.392504930966469,1140,0.0899408284023669,505,0.0394346400124941,3570,0.281767955801105,3590,0.659320477502296,4995,0.91651376146789,775,0.142332415059688,365,0.0670339761248852,1945,0.357208448117539,880,0.0829406220546654,2190,0.206409048067861,7545,0.711121583411876,560,7.4,260,7.3
"103",15,16,36,2,2,6,77,1035,2100,5710,6590,15179,475,0.114182692307692,4380,2835,4485,169203,415,0.0354549337889791,62727,1430,0.09,1100,785,7.3,8.3,1055,0.069798213695005,3180,0.210456651224355,475,0.0314361350099272,175,0.0115290862375651,2560,0.169424222369292,1750,0.30461270670148,5135,0.89304347826087,210,0.0365535248041775,390,0.0679442508710801,1315,0.229293809938971,945,0.0770171149144254,1815,0.147921760391198,9510,0.775061124694376,625,7.5,360,8.5
"104",113,5,39,13,4,10,184,1155,2515,12100,15120,29658,1130,0.167531504818384,12225,9195,4135,57039,1335,0.052168815943728,42306.6586638831,7395,0.26,6025,4355,20.8,19.6,5175,0.178910976663786,11295,0.390425164189423,2580,0.0891807811959903,1055,0.0355721896284308,9730,0.336445366528354,13070,0.746643816052556,12490,0.713714285714286,1695,0.0969402344867029,830,0.0474556889651229,7290,0.417406241053536,1500,0.0564865373752589,4475,0.168518169836189,20575,0.774807004330635,1330,6.7,650,6.8
"105",24,12,33,4,3,1,77,845,1655,5320,5985,14607,495,0.12192118226601,3975,2710,4070,111730,405,0.037482646922721,63954.15,1255,0.09,980,610,6.7,6.9,695,0.0477335164835165,3340,0.229395604395604,345,0.0236950549450549,125,0.00855754090504553,3110,0.213598901098901,1315,0.242843951985226,5260,0.970479704797048,150,0.0276497695852535,295,0.0544783010156971,1215,0.224376731301939,870,0.0771618625277162,1745,0.154767184035477,8660,0.768070953436807,505,6.4,245,6.1
"106",31,18,20,3,3,4,79,740,1610,5470,6695,14365,615,0.170596393897365,6355,3190,2110,65274,605,0.0518423307626392,35639.9318181818,3165,0.22,2235,1590,15.7,16.1,1770,0.1243851018974,4660,0.327707454289733,775,0.0545007032348805,325,0.0226244343891403,4095,0.287873462214411,4240,0.645357686453577,6450,0.982482863670982,655,0.0996955859969559,630,0.095963442498096,2340,0.357251908396947,1125,0.0932062966031483,2225,0.184341342170671,8720,0.722452361226181,630,7.1,300,7.2
"107",90,19,23,10,1,30,173,1120,2265,8445,9585,21210,1430,0.251318101933216,11045,4575,1480,39803,1180,0.0689051094890511,27973.1802973978,5660,0.27,3905,2320,18.6,16.9,3365,0.16050560457906,9965,0.475542829873539,1455,0.0694345025053686,1030,0.0485619990570486,9045,0.431536259541985,4085,0.470080552359033,8600,0.989643268124281,1080,0.124280782508631,895,0.103051237766264,3190,0.367511520737327,4450,0.249509391645641,4175,0.234090271937202,9205,0.516119988786095,800,6.8,405,6.9
"108",104,22,34,33,5,20,218,820,1670,5645,6735,14257,920,0.235595390524968,7895,3220,670,34768,875,0.0741211351122406,27474.6219211823,3505,0.25,2410,1585,17,16.1,2735,0.19247009148487,8555,0.602040816326531,1425,0.100281491907108,990,0.0694395735428211,6500,0.457585357268567,2900,0.505226480836237,4775,0.832606800348736,975,0.170157068062827,435,0.0757839721254355,1960,0.34235807860262,2545,0.205989477944152,3080,0.24929178470255,6730,0.544718737353298,725,8.7,345,8.6
"109",31,7,9,6,1,15,69,665,1225,4185,4300,9955,610,0.216696269982238,5235,2400,380,35112,670,0.0833851897946484,28519.7471910112,2130,0.21,1405,900,14.2,13.2,1805,0.182139253279516,5285,0.53356890459364,685,0.0691569914184755,445,0.0447011551983928,3585,0.361938414941949,1300,0.353260869565217,3655,0.99320652173913,500,0.135869565217391,285,0.077445652173913,1100,0.299319727891156,2925,0.347387173396675,2175,0.258313539192399,3320,0.394299287410926,400,7.2,170,6
"110",39,8,8,11,0,9,75,740,1445,4530,4910,11058,715,0.234426229508197,6120,2390,390,33316,775,0.0870786516853933,25986.6624203822,2935,0.27,2015,1140,18.3,15.7,2095,0.189850475758949,6185,0.559981892258941,700,0.06337709370756,600,0.0542593597395551,4700,0.425531914893617,1610,0.385167464114833,3790,0.905615292712067,555,0.132616487455197,285,0.0681003584229391,1510,0.361244019138756,3640,0.386206896551724,2675,0.283819628647215,3115,0.330503978779841,485,8.6,260,8.7
"111",123,28,32,41,3,37,264,1405,2750,8980,9810,22246,1735,0.288205980066445,12000,5015,775,34059,1460,0.0821147356580427,26582.9715302491,6770,0.3,5060,2895,22.8,20.3,2705,0.1216550483472,11020,0.495392222971454,1040,0.0467520791189031,1825,0.0820372201744134,10225,0.459860580166404,3920,0.433149171270718,7845,0.866372170071784,1305,0.144119271120928,905,0.0999447818884594,3185,0.352323008849558,5695,0.303976514544969,5470,0.29196690685882,7580,0.404590338937817,1030,9.2,495,8.6
"112",54,9,17,21,3,21,125,425,855,2545,2895,6577,695,0.397142857142857,3490,1265,190,33829,415,0.0844354018311292,25551.7703488372,2325,0.36,1785,1055,28,25.4,975,0.153061224489796,3425,0.538098978790259,360,0.0565593087195601,525,0.079823627793827,3760,0.590266875981162,1755,0.662264150943396,2520,0.950943396226415,510,0.192452830188679,235,0.0886792452830189,945,0.357277882797732,1605,0.305423406279734,1515,0.288296860133206,2135,0.40627973358706,355,11.4,135,9
"113",147,37,34,25,3,56,302,1105,2220,6940,7955,17992,1640,0.360043907793633,9565,3615,690,32997,1115,0.0803603603603604,25542.1709006928,6660,0.38,5240,3155,29.6,26.7,3005,0.169869983041266,8690,0.49109918055948,1465,0.0827917490816615,1965,0.109215206758559,10755,0.608142493638677,4795,0.630921052631579,6690,0.880842659644503,1470,0.193293885601578,730,0.0961158657011192,3250,0.427631578947368,3630,0.248545018829168,4180,0.286203355015406,6800,0.46559397466621,965,10.6,475,10.3
"114",14,1,7,2,1,5,30,470,900,2880,3390,7985,515,0.230425055928412,2945,1570,1440,76629,325,0.0548060708263069,40783.0542168675,1735,0.22,1475,830,18.5,16.8,550,0.0688791484032561,2410,0.302005012531328,245,0.0307017543859649,365,0.0457107075767063,1950,0.244207889793363,1280,0.4096,3085,0.988782051282051,225,0.072,310,0.0995184590690209,725,0.232,855,0.136038186157518,1215,0.193317422434368,4210,0.669848846459825,320,7.6,130,6.2
"115",89,19,32,25,0,20,185,880,1815,5225,6000,13593,1340,0.370165745856354,7275,2685,310,30827,905,0.0880778588807786,25332.8,4535,0.34,3355,2030,25.3,22.8,1885,0.142156862745098,7430,0.560120618168112,905,0.0682246513381078,1395,0.10262635179872,9005,0.679110105580694,2740,0.528957528957529,3910,0.755555555555556,1045,0.201737451737452,575,0.111111111111111,2125,0.411025145067698,2810,0.258628624022089,3385,0.31155085135757,4665,0.429360331339162,745,10.8,330,9.7
"116",35,27,51,13,3,7,136,1395,2685,10140,11340,24623,1350,0.1875,14670,4305,1085,31786,1110,0.0551142005958292,20877.7091222031,8000,0.33,5105,2885,21,19.2,4970,0.204779563246807,17440,0.718730682052339,1810,0.0745930352359365,2025,0.0822401819437112,22075,0.909746548526685,1260,0.161125319693095,4945,0.633568225496477,950,0.121405750798722,330,0.0421994884910486,2915,0.373239436619718,4975,0.235502958579882,6235,0.295147928994083,9920,0.469585798816568,1045,9.5,480,8.4
"117",144,26,51,35,5,15,276,2950,5730,17515,20340,43993,2855,0.230520791279774,25505,8070,1765,31826,2280,0.0644158779488628,22442.1520737327,13935,0.32,10220,5965,23.5,21.8,8525,0.195954487989886,28325,0.651224278652719,3965,0.0911599034371767,4385,0.0996749482872275,33540,0.771034482758621,5205,0.345962113659023,10205,0.679427430093209,2040,0.135683405387429,1195,0.0794812105088128,5700,0.37962037962038,8055,0.215431933672105,10555,0.282294731211554,18765,0.501872158331105,2300,10.9,1085,10.1
"118",81,18,57,10,6,7,179,1690,3215,10775,12790,27446,1625,0.210492227979275,15210,5415,1295,34200,1225,0.0558340929808569,24474.027027027,8565,0.32,6425,3590,23.8,21.7,5075,0.187754347021828,16725,0.618871415356152,2435,0.0901017576318224,2010,0.0732347154412301,20325,0.751942286348502,4390,0.436164927968207,7410,0.736580516898608,1545,0.153578528827038,535,0.0531544957774466,3820,0.380099502487562,4460,0.192614985964155,6350,0.274238825307709,12325,0.532282444396459,1175,9.1,635,9.4
"119",211,47,80,21,11,10,380,1935,3640,11425,12295,27917,1775,0.234633179114342,14655,6275,1165,35047,1415,0.0639259091935848,27239.4445224719,7175,0.26,5285,3235,19.2,18,3580,0.12994555353902,13905,0.504901960784314,1970,0.0715323166303558,2130,0.0762975964466096,15285,0.554910147032129,4015,0.39732805541811,9605,0.950519544779812,1260,0.124690747154874,750,0.074220682830282,3325,0.329207920792079,4395,0.188343689736447,7240,0.310263552603385,11710,0.50182129847868,1285,9,630,8.4
"120",191,25,84,25,16,46,387,1860,3475,10790,11600,26984,1615,0.219727891156463,13040,6085,1350,36232,1595,0.0778238594779214,27934.5298507463,6880,0.26,5135,3155,19.5,18,3285,0.12488120129253,13115,0.498669201520913,1820,0.0692015209125475,1630,0.0604061666172547,16110,0.612664004563605,3180,0.343783783783784,8200,0.887445887445887,1255,0.135675675675676,615,0.06645056726094,3175,0.343614718614719,4215,0.193837663830766,6165,0.283513451368131,11360,0.522418946884341,1240,8.7,595,8.3
"121",125,10,57,27,11,23,253,880,1680,5325,5635,13845,850,0.251851851851852,7825,1930,260,26793,645,0.0641153081510934,19495.5167844523,7045,0.52,5795,3455,42.6,39.5,2625,0.19287288758266,7520,0.552941176470588,1760,0.129411764705882,1565,0.11303719754424,10250,0.753122703894195,3595,0.680227057710501,4880,0.923368022705771,1310,0.248106060606061,670,0.126773888363292,2290,0.433712121212121,2270,0.211064621106462,3020,0.280799628079963,5470,0.508600650860065,900,14.6,465,14.1
"122",168,14,73,18,6,22,301,1235,2425,9075,9915,22291,1265,0.20840197693575,9425,5485,2680,54360,1090,0.0620905724864711,36304.3548387097,4270,0.2,3150,2110,14.5,14.8,1335,0.0615774907749077,6080,0.280313508529276,485,0.0223605348086676,660,0.0296083621192409,5740,0.264577091495736,3055,0.332065217391304,8785,0.954891304347826,570,0.0619565217391304,825,0.0896252036936448,2720,0.295652173913043,2930,0.159629528738763,5245,0.285753200762735,10170,0.554072459820212,1055,8.8,540,8.9
"123",92,7,60,17,3,18,197,1125,2135,6435,6905,15935,885,0.200680272108844,7400,3615,1490,44718,775,0.0620248099239696,30594.2028688525,3640,0.23,2825,1545,17.9,15.5,1220,0.0772396327951883,5835,0.369303797468354,600,0.0379746835443038,725,0.0454973329149671,6570,0.415691236950332,1955,0.331075359864522,5760,0.974619289340102,495,0.083756345177665,435,0.073728813559322,1720,0.291278577476715,2165,0.163396226415094,3925,0.29622641509434,7160,0.540377358490566,795,9.7,410,9.5
"124",173,10,43,17,3,18,264,1125,2165,6825,7475,17123,1305,0.284934497816594,9620,3420,465,30974,855,0.0632864544781643,23965.895505618,5845,0.34,4500,2645,26.3,23.7,2195,0.128362573099415,9465,0.553508771929825,1170,0.068421052631579,1580,0.0922735501956433,11885,0.695029239766082,2980,0.453231939163498,5395,0.819908814589666,955,0.145247148288973,645,0.0980988593155894,2330,0.354912414318355,2990,0.208726003490401,4410,0.307853403141361,6925,0.483420593368237,775,9.1,350,8.1
"125",86,8,15,9,4,13,135,830,1630,5330,5995,13641,1090,0.288359788359788,7455,2815,300,31383,685,0.0651760228353949,25519.6791907514,4235,0.31,3175,1920,23.3,21.4,2735,0.200955180014695,7795,0.572740631888317,1510,0.110947832476121,1215,0.0890697162964592,9950,0.731080088170463,3140,0.607938044530494,4795,0.929263565891473,1165,0.225338491295938,470,0.0909970958373669,1725,0.334302325581395,2385,0.211061946902655,3260,0.288495575221239,5655,0.500442477876106,610,8.8,275,7.8
"126",151,35,66,41,10,28,331,1590,3160,9555,11200,25003,1620,0.240713224368499,13375,4860,725,31692,1505,0.0791896869244936,25236.7921440262,7365,0.3,5440,3230,22.3,20.1,3650,0.149712879409352,14685,0.602461538461538,1960,0.0804102564102564,2210,0.0883893932728073,18940,0.776866283839213,3400,0.387464387464387,5305,0.604214123006834,1720,0.195899772209567,605,0.0689458689458689,3345,0.381631488876212,3975,0.197466467958271,5985,0.297317436661699,10175,0.505464480874317,1230,9.7,660,10.1
"127",204,39,61,51,16,30,401,2325,4610,12065,13380,29960,1630,0.206984126984127,15705,6250,1240,33256,1370,0.0591154261057174,25504.8093415008,8860,0.3,6815,4295,23.4,22.5,4985,0.171364730147817,15865,0.545189003436426,1970,0.0676975945017182,2295,0.0766021361815754,21075,0.724226804123711,3765,0.34958217270195,7085,0.65754060324826,1550,0.143985137018114,545,0.0506035283194058,4115,0.383325570563577,4750,0.192932575142161,7605,0.30889520714866,12265,0.49817221770918,1255,8.8,670,9
"128",108,27,58,19,13,9,234,1780,3365,10035,10645,23757,1365,0.205572289156627,13775,4515,1005,31825,1165,0.060144553433144,22237.3453038674,7470,0.32,5315,3505,22.6,22.2,4465,0.190283400809717,15095,0.643024494142705,1735,0.0739084132055378,1910,0.0803973565685903,20155,0.858755858542821,2250,0.276582667486171,4810,0.590546347452425,970,0.119311193111931,460,0.0565457897971727,3120,0.384947563232573,4035,0.197794117647059,6090,0.298529411764706,10285,0.504166666666667,1185,9.8,555,8.8
"129",67,15,55,14,5,10,166,1855,3695,11900,13365,29113,1655,0.196439169139466,17480,5115,1030,30414,1620,0.0689215060625399,20901.8984375,9225,0.32,6145,3495,21.3,19.2,5270,0.182890855457227,19995,0.693548387096774,2165,0.0750953867499133,2945,0.10115755847903,26365,0.914657415437988,1720,0.18859649122807,6665,0.731212287438289,1315,0.144109589041096,365,0.0400438837081733,3155,0.346322722283205,6550,0.262,7460,0.2984,10985,0.4394,1360,9.8,635,9
"130",73,32,63,24,11,12,215,1625,3175,10920,11990,26572,1575,0.208058124174373,16185,4185,780,28085,1450,0.0685417159064051,19474.0525,9340,0.36,5760,3415,22.1,20.1,5220,0.200306983883346,18265,0.70088257866462,2190,0.0840368380660015,2670,0.100481710070751,25165,0.965656178050652,860,0.111906310995446,5450,0.709173715029278,1150,0.149739583333333,250,0.0325520833333333,3010,0.392182410423453,6320,0.282331918695555,7115,0.317846772392227,8940,0.399374581192763,1160,9.5,620,9.6
"131",141,20,79,34,11,20,305,3490,6700,18385,20110,46496,2470,0.191993781577925,22060,10855,3045,39556,2435,0.0679124250453214,29665.3412271259,6690,0.15,4395,2515,9.5,8.4,3675,0.0797785737544774,25575,0.555133492511396,1595,0.0346212285652268,5090,0.109471782518926,37315,0.8101389491967,2205,0.164675130694548,12125,0.905188503172826,1475,0.110197982816586,445,0.0332337565347274,3910,0.292227204783259,6580,0.172590163934426,11740,0.307934426229508,19795,0.519213114754098,2010,8.2,1025,8.1
"132",221,32,65,52,5,14,389,3350,6600,16990,18930,43794,3145,0.263731656184486,24245,8460,845,29573,2550,0.0760399582525719,23519.9574468085,12295,0.28,8935,5000,20.4,17.8,6040,0.137978298115363,26900,0.61464640694619,2745,0.0627213526790815,4170,0.0952185230853542,39195,0.895578658745573,4020,0.299218459248232,9020,0.671880819366853,2330,0.173621460506706,905,0.0674115456238361,4790,0.356929955290611,7345,0.204681621847569,11575,0.322558171938136,16960,0.472620872230737,2335,10.5,1225,10.6
"133",31,3,15,5,1,1,56,955,1850,5430,5795,13362,590,0.146766169154229,5065,3675,1880,54045,705,0.0659186535764376,42620.0588235294,1230,0.09,830,495,6.2,6,525,0.0393553223388306,4990,0.374062968515742,210,0.0157421289355322,455,0.0340517886543931,5810,0.435532233883058,280,0.0638540478905359,4180,0.954337899543379,150,0.0342465753424658,175,0.0399543378995434,765,0.175057208237986,1295,0.115728328865058,2820,0.25201072386059,7075,0.632260947274352,545,7.6,220,6.2
"134",75,8,34,13,2,6,138,985,1920,5400,5550,12494,515,0.146723646723647,6245,3110,1070,40972,590,0.0567580567580568,30072.1081730769,1905,0.15,1315,900,10.5,11.1,1050,0.0842358604091456,7015,0.562550120288693,325,0.0260625501202887,940,0.0752361133344005,9290,0.745286803048536,410,0.110960757780785,3660,0.987854251012146,280,0.0756756756756757,150,0.0405405405405405,900,0.243572395128552,1625,0.148673376029277,3200,0.292772186642269,6105,0.558554437328454,565,8.5,315,8.9
"135",119,11,18,8,0,14,170,1380,2675,6945,7605,17455,1200,0.25668449197861,9300,3505,655,32291,915,0.0678280207561156,25060.9189189189,5300,0.31,4085,2490,23.8,22.2,2190,0.127696793002915,9495,0.553805774278215,1215,0.0708661417322835,1515,0.0867946147235749,12865,0.750145772594752,2345,0.398470688190314,4655,0.792340425531915,990,0.168510638297872,550,0.0935374149659864,2090,0.355140186915888,2465,0.172679509632224,4345,0.304378283712785,7480,0.52399299474606,995,11.4,490,10.7
"136",324,12,66,51,7,54,514,2045,3930,10675,12035,27392,2345,0.321673525377229,14510,5525,1040,33323,1395,0.066270783847981,25150.2785714286,8650,0.32,6780,3970,25.2,23,2815,0.104413946587537,13345,0.495084399925802,1455,0.0539788536449638,2275,0.0830534462616822,17075,0.633345697329377,4055,0.406312625250501,7990,0.80060120240481,1220,0.122244488977956,1155,0.115731462925852,3230,0.323971915747242,4990,0.222817593212771,6425,0.286894396070551,10965,0.489618218352311,1515,11.6,745,11.5
"137",295,33,75,57,15,39,514,4125,7670,21080,22815,53485,3455,0.239930555555556,29255,9775,1610,30878,2805,0.0689782368129841,23227.2314241486,18680,0.35,14410,8470,27.2,25,9445,0.178190736722951,30185,0.569528301886792,4925,0.0929245283018868,4920,0.09198840796485,40510,0.764267521931893,8670,0.470428648941942,14980,0.813025780189959,3535,0.191806836679327,1470,0.0797396257119609,6605,0.35828586927041,8850,0.20387007601935,13170,0.303386316516932,21370,0.492282884128081,2665,10.6,1320,9.8
"138",180,20,67,37,7,26,337,1600,3115,8440,10130,22776,1930,0.316134316134316,12335,4130,500,30033,1260,0.0741394527802295,24484.9716981132,7740,0.35,5775,3330,26,23.5,3770,0.169438202247191,13000,0.584269662921348,2315,0.104044943820225,2525,0.110862311204777,17375,0.780372782393892,4355,0.550568900126422,5540,0.700379266750948,1810,0.228824273072061,885,0.111883691529709,2830,0.358001265022138,3925,0.217030688415814,5645,0.312137130218413,8510,0.47055570915123,1155,10.8,525,9.8
"139",146,8,32,17,2,28,233,1230,2360,6210,7095,16724,1325,0.304247990815155,8875,2755,575,32913,825,0.0677896466721446,22770.3414948454,6725,0.41,5325,3035,32.4,29,2625,0.159768715763847,8975,0.546090660176453,1625,0.0988743535138424,1835,0.10972255441282,12065,0.734327449786975,3235,0.545991561181435,4300,0.725738396624473,1320,0.222784810126582,760,0.128270042194093,2460,0.415189873417722,2955,0.226003824091778,3785,0.289483747609943,6325,0.483747609942639,980,13,485,12.8
"140",39,5,17,7,1,4,73,570,1070,3960,4685,9917,530,0.185964912280702,3855,2875,1285,53203,475,0.0593008739076155,41804.5532544379,1095,0.11,740,450,7.7,8,500,0.0518134715025907,3130,0.324352331606218,145,0.0150259067357513,215,0.0216799435313099,2870,0.29740932642487,905,0.226817042606516,3120,0.781954887218045,150,0.037593984962406,145,0.0362953692115144,960,0.240601503759398,1080,0.12910938433951,2225,0.265989240884638,5060,0.604901374775852,395,7.9,185,7.4
