"Hood_ID","Unemployed","Assault","Auto.Theft","Break.and.Enter","Robbery","Theft.Over","Pop...Males","Youth.15.24","Pop.15...64.years","Visible.Minority.Category","X...Unemployed","With.Bachelor.Degree.or.Higher","Average.Family.Income","Low.Income.Population","Lone.Parent.Families","Early.Development.Instrument..EDI.","Healthy.Food.Index","Population"
1,0.0511827569644573,0.0321205571565802,0.0355727665706052,0.0150096061479347,0.00918587896253602,0.00582372718539866,0.499069404418828,0.163454610951009,0.698997358309318,0.794758645533141,0.0525336215177714,0.0433777617675312,72820,0.227845821325648,0.0522334293948127,15.33923304,23.81942619,33312
10,0.0377180575200377,0.00306459217350306,0.00348892032060349,0.00509193776520509,0.0016973125884017,0.000565770862800566,0.256011315417256,0.0744931636020745,0.341819896275342,0.0853371051390853,0.02003771805752,0.0212164073550212,144943,0.0447901933050448,0.0150872230080151,4.651162791,39.51515152,21210
100,0.0463027921986811,0.00533183667742388,0.000795098451896544,0.00383518076797156,0.0015434264066227,0.000420934474533464,0.258173144380525,0.0572938590337215,0.393339881202937,0.0907347645105468,0.0173050839530424,0.0163696740096347,140907,0.0514475468874234,0.0144988541228193,2.325581395,31.95239964,21381
101,0.0336161728566792,0.00324569944823109,0.00162284972411555,0.00658413316641165,0.00023183567487365,0.000788241294570409,0.226735290026429,0.062827467890759,0.32967032967033,0.0612046181666435,0.0194741966893866,0.0192423610145129,251035,0.0398757360782677,0.00973709834469328,13.04347826,18.49485749,21567
102,0.044653536400606,0.0136352762937565,0.00366796906147835,0.0118810302208755,0.00295032294075433,0.00119607686787338,0.460888286420541,0.119607686787338,0.687744199027191,0.245594450203333,0.0502352284506818,0.054222151343593,137887,0.141137070409058,0.0366796906147835,11.11111111,29.11023751,12541
103,0.0412707220642297,0.00534091697301797,0.00541027953110911,0.0134563362696816,0.00131788860373171,0.000901713255184851,0.498716792675314,0.145314559200943,0.700215023930083,0.131788860373171,0.0485537906637997,0.036068530207394,216754,0.0645071790247624,0.0242768953318998,6.153846154,37.53120334,14417
104,0.0351748396441134,0.0569004758948893,0.00331057314297538,0.0243120215187254,0.00817297744672046,0.00258638526794951,1.38061245603145,0.260707635009311,2.3463687150838,0.919718601282847,0.149493068487482,0.156734947237741,89797,0.490378646803228,0.102420856610801,10.15625,41.60419442,9666
105,0.0384418247052793,0.0143516145566376,0.010635571501794,0.0172988211173757,0.00205023065094823,0.0021783700666325,0.904023577652486,0.213992824192722,1.20322911327524,0.29087647360328,0.0583034341363403,0.0499743721168631,165131,0.125576627370579,0.0538185545873911,7.567567568,52.03381227,7804
106,0.0318898959382343,0.00965088956025512,0.00419603893924136,0.0080563947633434,0.00159449479691172,0.00109097012420275,0.555135951661631,0.135112453843572,0.861027190332326,0.33987915407855,0.049513259483048,0.0520308828465928,105770,0.152735817388385,0.0427995971802618,12.24489796,32.85052709,11916
107,0.0446486346576938,0.0493076226219749,0.0068590656140805,0.0141063802251844,0.00970622492558561,0.00116474699107027,1.30581079332212,0.294422156076097,1.86165394072732,1.17833570596609,0.122945515724084,0.10547431085803,67809,0.508606186100686,0.160476252103015,15.05376344,41.06922203,7727
108,0.0415237407474273,0.0217999638923994,0.00333995306011915,0.00690557862430042,0.00586748510561473,0.000992959017873262,0.299016067882289,0.0746975988445568,0.465111030871999,0.292922910272612,0.0291117530240116,0.0363332731539989,67358,0.129536017331648,0.0374616356743094,11.30434783,34.22843377,22156
109,0.0383842732099297,0.00577557755775578,0.00100444827091405,0.00175778447409958,0.00086095566078347,0.000215238915195867,0.176495910460611,0.0437652460898264,0.256134309083082,0.132192567082795,0.018474673554312,0.00896828813316114,66257,0.0617018223561487,0.020088965418281,11.71171171,53.477392,27876
11,0.0508522129480255,0.0175352458441467,0.00778564915480115,0.00827663603843726,0.00505015080311426,0.00112225573402539,0.625306866802273,0.168689065020692,0.855018587360595,0.36333029389072,0.0515536227817914,0.0718945079610016,88741,0.14940029459213,0.0624254752051624,10.95890411,10.42735043,14257
110,0.0501328305767418,0.0162824577941555,0.00565601165481189,0.00462764589939155,0.0062558916788071,0.000599880023995201,0.458479732624904,0.122546919187591,0.65644014054332,0.415631159482389,0.0518467735024424,0.0231382294969578,64857,0.168823378181507,0.0497043448453166,19.62616822,34.47612977,11669
111,0.0504489493659169,0.0469314079422383,0.0145330000925669,0.0127742293807276,0.0153661020087013,0.00212903823012126,0.995093955382764,0.253633250023142,1.39729704711654,0.951124687586781,0.119874109043784,0.0745163380542442,64271,0.477645098583727,0.141627325742849,15.85365854,31.86712201,10803
112,0.0412074514776163,0.0130205793426314,0.00224324587925485,0.0039500633960792,0.00380376475177997,0.000536428362430508,0.15117526577587,0.0416951136252804,0.21896030430118,0.169462596313274,0.0175558373159075,0.00731493221496147,58706,0.0936311323515069,0.02974739100751,19.11764706,25.57320898,20506
113,0.0604351329572925,0.0339511146924523,0.00881009938221864,0.00934730056406124,0.00784313725490196,0.00085952189094816,0.459038409884502,0.119527262959979,0.668278270212194,0.266720386784851,0.0513027128659683,0.0292774644104217,61470,0.271286596830513,0.0800429760945474,15.09433962,41.44993692,18615
114,0.0595086151882578,0.0024888321633695,0.000574345883854499,0.00127632418634333,0.00028717294192725,9.57243139757498e-05,0.119655392469687,0.0288768347160179,0.167836630504148,0.0548819400127632,0.0068602425015954,0.00733886407147415,122277,0.0443522654754308,0.0143586470963625,14.1509434,27.28336142,31340
115,0.0595030429894949,0.0162034345078885,0.00310113579098345,0.00368259875179284,0.00457417529170059,0.000310113579098345,0.249059968213358,0.070357018257937,0.368453696166221,0.320579912392914,0.0356630615963097,0.0118230802031244,57386,0.146141024150095,0.0465170368647517,21.15384615,29.91029804,25797
116,0.0400527968685995,0.00268535797187201,0.0014868083686071,0.00321636096066026,0.000667546614476659,0.000257915737411436,0.177961858813891,0.0407355149970416,0.238420341965925,0.334531882936598,0.020557401423088,0.022681413378241,67732,0.114848360717916,0.0165369502222627,10.57268722,11.36363636,65913
117,0.0459738088604068,0.0356645305098913,0.00501532460295347,0.0161604903872945,0.00986347171914182,0.00150459738088604,1.14795207578713,0.319308999721371,1.60908331011424,1.91195319030371,0.129005293953748,0.142100863750348,64493,0.69378657007523,0.124268598495403,12.06896552,30.72683907,17945
118,0.0479821217299855,0.0492967004075194,0.0106480872880242,0.0269488628894439,0.0115682923622979,0.00315498882608124,1.67674510319443,0.423951623504667,2.2873668989089,2.58183252267648,0.163007756014197,0.187327461548574,64630,0.86367819113974,0.166951492046799,12.93103448,41.36856195,7607
119,0.0347095359883084,0.0899707709170625,0.0205516989404457,0.0357142857142857,0.01516258677384,0.00566313481914505,1.23995250274023,0.33339422725612,1.73410668615272,1.16962002192181,0.127877237851662,0.112349287541103,69418,0.502374862988674,0.134271099744246,12.04819277,42.08486781,10948
12,0.0401808136614766,0.0071320944249121,0.00421898543445505,0.00873932697137117,0.00251130085384229,0.000703164239075841,0.494224008036163,0.117026619789051,0.653440482169764,0.145153189352084,0.0452034153691612,0.0472124560522351,100337,0.0994475138121547,0.0401808136614766,8.108108108,7.986111111,9955
120,0.0455663243165051,0.0697237089541444,0.00990886735136699,0.0307391870389122,0.0135975697960365,0.00267611745985824,0.950021698249675,0.252784608708231,1.35975697960365,0.968465210473022,0.0907710111384348,0.0687111239693331,69549,0.408650368870244,0.0940257485896138,10.90225564,30.7954607,13826
121,0.036844648465813,0.0384754771683982,0.00380526697269872,0.0156438753322058,0.00930176371104131,0.00132882338729162,0.407103165015704,0.101473785938633,0.562937907707176,0.551159700410727,0.0628171055810582,0.0295965208987678,50793,0.355762261415801,0.0471128291857937,11.9760479,35.42600044,16556
122,0.0355997434252726,0.0201090442591405,0.00182809493264913,0.00987812700449006,0.00250160359204618,0.00064143681847338,0.344130853110969,0.0782552918537524,0.4825208466966,0.142078255291854,0.0415330339961514,0.0243745991019885,90256,0.0978191148171905,0.0359204618345093,13.5678392,32.73525484,31180
123,0.047942299533305,0.0345354263894782,0.00475180313958422,0.0167161646160373,0.00882477725922783,0.00144251166737378,0.656767076792533,0.182011030971574,0.904963937208316,0.47051336444633,0.0610946117946542,0.0772168010182435,83694,0.22571064913025,0.0644887568943572,18.24817518,25.54522156,11785
124,0.0440259656790282,0.052895430297577,0.00437046082653127,0.0106690661353557,0.0117616813419886,0.00102834372388971,0.535060093836365,0.139790474966257,0.758403496368661,0.71887653448165,0.0600938363648049,0.0369561025772865,58513,0.309145831994344,0.0706986310174176,7.843137255,34.95907143,15559
125,0.0514897706988878,0.0190855416723878,0.00192228477275848,0.00599569774360383,0.00311227058446611,0.000640761590919493,0.296123392374937,0.0752894869330404,0.431598700169344,0.417181564373656,0.0405052862831251,0.0302073321433475,57069,0.153325094970022,0.0389033823058264,8.724832215,47.14105339,21849
126,0.040069453719781,0.0451449178576199,0.0111526646186724,0.0221717643916121,0.010418057967143,0.00186990784025644,0.782356083878723,0.210698544143182,1.13329771604114,1.19006277547749,0.0918258314411647,0.0831441164685455,60973,0.440096166688927,0.0888206224121811,16.81034483,32.26843384,14974
127,0.0361546499477534,0.0401671891327064,0.00794148380355277,0.0124137931034483,0.0123719958202717,0.00217345872518286,0.60208986415883,0.192476489028213,0.843051201671891,0.762173458725183,0.0597701149425287,0.0635318704284221,65560,0.287147335423197,0.0547544409613375,16.58986175,29.11670669,23925
128,0.0437686129410703,0.0203952711849111,0.0055049183286707,0.0128598501940258,0.00523418464037542,0.00239148091327498,0.523644075444454,0.151610865445357,0.748353036729537,0.802499774388593,0.0530186806244924,0.0518906235899287,68465,0.288782600848299,0.0464759498240231,17.82178218,35.26288367,22162
129,0.0292949354518371,0.0299900695134062,0.00913604766633565,0.0220456802383317,0.0114200595829196,0.00218470705064548,1.38133068520357,0.367924528301887,1.90963257199603,2.68272095332671,0.167328699106256,0.179245283018868,67622,0.819265143992056,0.13604766633565,12.33480176,38.09437229,10070
13,0.0403486120077469,0.0111900150634818,0.00268990746718313,0.00441144824618033,0.00107596298687325,0.000322788896061975,0.30288358080482,0.0785452980417474,0.43522702819023,0.228642134710566,0.0298579728857327,0.0279750376587045,67704,0.108672261674198,0.0322788896061975,19.04761905,15.40540541,18588
130,0.0328290955906019,0.0238171869971033,0.0110717734148696,0.0245252655294496,0.00946250402317348,0.00360476343739942,0.827164467331831,0.205664628258771,1.1435468297393,1.63212101705826,0.0930157708400386,0.0997747022851625,66372,0.536208561313164,0.0759575152880592,11.41732283,25.25084651,15535
131,0.0348043992760685,0.0527634693025198,0.0128080189335932,0.0210914659612975,0.0109981901712376,0.00348043992760685,1.56445774745928,0.466378950299318,2.22156480579145,2.51809828762356,0.172281776416539,0.173673952387582,86997,0.540860364750104,0.14757065293053,13.43873518,21.95409103,14366
132,0.045503694359344,0.0921787709497207,0.0125247792395026,0.0182915840692017,0.0183816903946657,0.00243287078752928,1.89358442962696,0.596503874571995,2.70454135880339,3.54478284375563,0.261758875473058,0.190574878356461,64497,1.03532167958191,0.243287078752928,11.06290672,38.63126639,11098
133,0.0424538314582891,0.0108257270218637,0.00134437132951249,0.00424538314582891,0.00148588410104012,0.000353781928819076,0.459208943607161,0.130899313663058,0.624425104365669,0.350244109530885,0.0413924856718319,0.0484681242482134,102278,0.0941059930658742,0.0360857567395457,10.37735849,9.353233831,14133
134,0.0439590443686007,0.00974744027303754,0.00196587030716724,0.00374061433447099,0.00251194539249147,0.000354948805460751,0.169283276450512,0.0525597269624573,0.233447098976109,0.250784982935154,0.0176109215017065,0.0279863481228669,98857,0.0578839590443686,0.0131058020477816,14.81481481,0.628930818,36625
135,0.0285734197505053,0.0346365600390271,0.00390271099031291,0.00578437521778521,0.00446024113178619,0.000209073803052478,0.589936580946407,0.187469510070388,0.828629172764653,0.873580040420935,0.0773573071294167,0.0473900620252282,66024,0.319186005993449,0.0738727437452087,11.35135135,6.666666667,14349
136,0.0409486994693049,0.0508091463015135,0.00281727052348817,0.010188036427963,0.00891043700452074,0.000982768787263317,0.428159601651052,0.129397890323003,0.606532136539343,0.518738124877154,0.0548712572888685,0.0360348555329883,65871,0.250278451156391,0.0687938151084322,19.36619718,28.0550994,30526
137,0.0387490882567469,0.137764405543399,0.0145878920495988,0.0389314369073669,0.0324580598103574,0.00583515681983953,2.36642961342086,0.698395331874544,3.26723194748359,3.52981400437637,0.301787016776076,0.232950401167031,63186,1.40681983953319,0.260758570386579,15.18987342,27.73058349,10968
138,0.0363186462324393,0.0689655172413793,0.00838122605363985,0.0211526181353768,0.0178799489144317,0.00167624521072797,0.850095785440613,0.249840357598978,1.20450191570881,1.28991060025543,0.118933588761175,0.0742337164750958,57357,0.502075351213282,0.136494252873563,20.30651341,34.78626589,12528
139,0.033217033886154,0.030397170577833,0.00305883477512785,0.00779046981790374,0.00530516656311236,0.000573531520336472,0.380681546623333,0.112794532332839,0.531950485112078,0.547483630454524,0.0494670936290207,0.0351288056206089,61631,0.26286861348755,0.0535296085647374,19.5,35.4800711,20923
14,0.043859649122807,0.0751492132392838,0.0368059323566649,0.0391571712787122,0.015735214324471,0.0127509495387954,1.8945559775728,0.424579489962018,2.77898354132755,1.11729064930367,0.141526496654006,0.194881533731235,87747,1.04810996563574,0.166395369867969,14.24242424,31.01048254,11058
140,0.0399403874813711,0.01150521609538,0.000774962742175857,0.00381520119225037,0.00232488822652757,0.000536512667660209,0.275707898658718,0.0634873323397914,0.356482861400894,0.141281669150522,0.0193740685543964,0.0232488822652757,92858,0.0470938897168405,0.0274217585692996,10.71428571,15.56603774,16775
15,0.0463004585093949,0.00507956486559381,0.00292187359525308,0.00498966106266295,0.00292187359525308,0.000584374719050616,0.195091252359975,0.0494470916119752,0.255776319338308,0.0451766609727591,0.0132608109323024,0.0139350894542839,191204,0.021127393688753,0.0103389373370494,4.819277108,43.14723591,22246
16,0.0539759768891592,0.0509350767827277,0.0176372206173027,0.0319294511175308,0.00942679032993766,0.00440930515432568,1.8633115402159,0.37935228827733,2.55587653945568,0.591455070700928,0.166489280827125,0.138360954842633,100867,0.468298616390452,0.153565455374791,7.547169811,31.23447104,6577
17,0.0536349488661627,0.0543574922187639,0.00783681636282792,0.0125611382836816,0.00372387727879057,0.00311249444197421,0.918463761671854,0.167296576256114,1.40618052467763,0.372387727879057,0.066418408181414,0.0769786571809693,87901,0.243997332147621,0.0722543352601156,13.84615385,21.58893567,17992
18,0.0400751408891672,0.0494677520350657,0.00588603631809643,0.0175328741390106,0.0103944896681277,0.00175328741390106,0.69630557294928,0.17407639323732,1.02316844082655,0.408265497808391,0.0651221039448967,0.0638697557921102,70398,0.30181590482154,0.0776455854727614,10.41666667,24.8404961,7985
19,0.0548076215699257,0.0175090119914662,0.0034576620319282,0.00765099683660708,0.00294269109100272,0.000588538218200544,0.368572059148091,0.0831310233208269,0.539983815199,0.147502390936511,0.0371514750239094,0.0253807106598985,77549,0.111822261458103,0.0375193114102847,9.210526316,28.08128664,13593
2,0.0321237897022894,0.0947425572346394,0.0196362320152022,0.0126685367840014,0.0344765179621754,0.0013573432268573,1.45416704370645,0.474165233915483,2.01791693059452,2.54954302778029,0.196814767894308,0.098633607818297,57411,1.04424938919555,0.194552529182879,19.53488372,37.5718032,11051
20,0.0424399951265077,0.00613247776469155,0.00239613369613776,0.00389879381066483,0.00113714819477724,0.00109653575924948,0.239004183080859,0.0501563578767819,0.336067903992202,0.0793973114567681,0.0203062177638793,0.0184786581651302,83584,0.0442675547252569,0.0231490882508224,12.61261261,11.40705842,24623
21,0.0522810447116587,0.0121382947287068,0.00620553269838383,0.00465983224603914,0.00311413179369445,0.00152296956333962,0.137180915145591,0.0390971290887187,0.179346714249994,0.166844725297206,0.0146614234082695,0.00704657559157139,65757,0.0756938603868797,0.0159116223035483,9.77443609,32.33336298,43993
22,0.0428113386285798,0.0147198134518691,0.00557458281716826,0.00320629599941704,0.00287837936311302,0.00065583327260803,0.27235298404139,0.0810682795307149,0.380383298112658,0.427202506740509,0.037528237265904,0.0207680536325876,59697,0.146833782700576,0.0386212927202507,15.07537688,20.51637252,27446
23,0.0460293011426729,0.00684170935272415,0.00454919941254433,0.00372532865279221,0.0025790736827023,0.000680588888490884,0.185012716266074,0.0490740409069742,0.264892359494215,0.116058315721603,0.0157610058387363,0.00626858186767919,76800,0.0512232689758928,0.0189848479421141,14,21.70634921,27917
24,0.0317415198029183,0.0995830964563199,0.0186659086602236,0.0107068410081486,0.0199924199355695,0.00397953382603752,0.961246920598825,0.311730149706272,1.35162023877203,1.68703808982376,0.123176046996399,0.0426378624218306,52499,0.752321394731855,0.207504263786242,19.25675676,41.84227479,10554
25,0.0459531574266232,0.0388007708271568,0.0066706196264453,0.00504002371775867,0.00652238363474652,0.000963533946042099,0.52809072042692,0.167506670619626,0.729691669137267,0.885895345389861,0.0650385413578417,0.0248295286095464,56582,0.35613697005633,0.108212273940113,20.80200501,41.04945851,26984
26,0.0650054171180932,0.100180570603106,0.0244853737811484,0.0194293968941856,0.0166124954857349,0.00397255326832792,1.21596244131455,0.313470566991694,1.71758757674251,1.30985915492958,0.127121704586493,0.0910075839653304,61994,0.559768869628025,0.172625496569159,15.53672316,23.71815138,13845
27,0.0473285182360594,0.0564353326454623,0.0187071015207931,0.0187968238302454,0.012785429096945,0.00646000628056166,0.612354762011574,0.213090484949083,0.897896011843345,0.794491050199632,0.0693104840518595,0.0511417163877798,59770,0.356646180072675,0.0798528554124983,24.11067194,47.0027417,22291
28,0.0498901788515846,0.0213994352055224,0.00414182616881079,0.0058989645434578,0.00414182616881079,0.000251019767806715,0.27925949168497,0.0881706934421086,0.385315343583307,0.384374019454032,0.0379667398807656,0.0200815814245372,59004,0.187009727016003,0.0658926890492626,13.08411215,16.54904306,15935
29,0.0452607603807744,0.0104537756234305,0.0037960637738714,0.0037960637738714,0.00233603924545932,0.000642410792501314,0.283244758511943,0.0738772411376511,0.384570460783741,0.256380307189161,0.0210243532091339,0.018980318869357,68718,0.103369736611575,0.0292004905682415,9,14.41860465,17123
3,0.0427350427350427,0.019040365575019,0.00524667851400525,0.00727765084200728,0.00778539392400779,0.000846238470000846,0.427773546585428,0.119319624270119,0.572057205720572,0.531860878395532,0.0448506389100449,0.055005500550055,70838,0.198866040450199,0.0473893543200474,16.03773585,42.26492258,11817
30,0.0447181291694157,0.0250714756982626,0.00747745766439411,0.00806392493218972,0.00564474745253281,0.00139285976101459,0.602961659702368,0.180338684847152,0.899494171981526,0.822520343083352,0.0612125210761674,0.0461842973389048,60364,0.350414192507881,0.109962612711678,13.61502347,43.09691113,13641
31,0.049194096708395,0.0228772547294325,0.00835899692036956,0.0091988961324641,0.00399952005759309,0.00347958245010599,0.274567051953766,0.0747910250769908,0.381354237491501,0.244570651521817,0.0283965924089109,0.0177978642562892,70539,0.113986321641403,0.0371955365356157,19.26605505,21.66150585,25003
32,0.0418891855807744,0.0112817089452603,0.00320427236315087,0.00520694259012016,0.00317089452603471,0.000567423230974633,0.329105473965287,0.101134846461949,0.462283044058745,0.274532710280374,0.0245327102803738,0.0320427236315087,86616,0.17890520694259,0.0423898531375167,24.64788732,43.98385977,29960
33,0.0498800353579997,0.00862903565264975,0.00723997137685735,0.00660857852422444,0.00130487856210801,0.000715578566317296,0.328955676221745,0.0803973565685903,0.476701603737846,0.210885212779391,0.0256766426737383,0.034305678326388,89550,0.107757713516016,0.027360356947426,9.734513274,19.35211628,23757
34,0.0467145261566998,0.0100642324734655,0.0041905677875863,0.00601106035104592,0.00161439906570948,0.000996118572459039,0.257960361350599,0.0666368976058805,0.364270257273383,0.149074296705939,0.0214680726823069,0.0194071377048054,76914,0.0899941606842304,0.0223267955895991,14.03508772,18.79944768,29113
35,0.0426232275489534,0.0285280216070223,0.0075118163403106,0.0153612424037812,0.00295408507765024,0.00143484132343011,1.01789331532748,0.283170155300473,1.49476704929102,0.739787305874409,0.104659014179608,0.13040175557056,62791,0.551991897366644,0.112255232950709,16.47727273,24.62606838,11848
36,0.0436549751618245,0.0154674093030257,0.00319885593858197,0.00763962065331928,0.00297305434291736,0.000827939184103568,0.422625319885594,0.125131717597471,0.634502483817552,0.437678759596568,0.044219479150986,0.0487355110642782,66505,0.251768779166039,0.0376335992774349,15.15151515,26.14322995,26572
37,0.0432295251204405,0.00509721266345492,0.000903303509979353,0.00215072264280798,0.000559187887130076,0.000215072264280798,0.171842739160358,0.047961114934618,0.25324759119064,0.159368547832072,0.0105385409497591,0.0210770818995182,83632,0.0655970406056435,0.00967825189263593,9.302325581,17.67301433,46496
38,0.0533178060921587,0.00481801159976252,0.00189523679042791,0.00347079508608485,0.000730693702333653,0.000456683563958533,0.175366488560077,0.0480659451066356,0.26476229620496,0.112915011188747,0.014956386719642,0.0144997031556834,105947,0.283828835000228,0.0118737726629219,11.2,19.11254401,43794
39,0.0407873072893279,0.0164646011076186,0.0121987726388265,0.0296362819937135,0.0046400239485107,0.00351743750935489,0.811629995509654,0.240233497979344,1.1001347103727,0.306091902409819,0.0550067355186349,0.0834455919772489,161110,0.182607394102679,0.0471486304445442,9.756097561,47.74426161,13362
4,0.0316809541557957,0.0263697353708535,0.00773387998509132,0.00577711516958628,0.00689526649273202,0.000465896384644055,0.478009690644801,0.126257920238539,0.667629519194931,0.412318300409989,0.0549757733879985,0.0326127469250839,69367,0.20219903093552,0.0624301155423034,7.894736842,23.31406015,10732
40,0.0452217064190812,0.0178485673123099,0.00616295821994557,0.0266527933408036,0.00344165199295662,0.00384184408516088,0.68232751720826,0.203297582839763,0.955258524091564,0.618296782455579,0.0648311189370898,0.0836401472706899,162988,0.268128701776853,0.048023051064511,13.1147541,18.23337826,12494
41,0.0570037238613578,0.00492695502721283,0.00171870524205099,0.010484101976511,0.000343741048410198,0.00097393297049556,0.255514179318247,0.0816384989974219,0.346319106273274,0.11257519335434,0.0140360928100831,0.0203380120309367,356777,0.0464050415353767,0.0120309366943569,17.39130435,22.25679688,17455
42,0.0553081191588785,0.01171875,0.00211740654205607,0.00938230140186916,0.00229994158878505,0.00138726635514019,0.468202394859813,0.0996641355140187,0.624452394859813,0.435711156542056,0.0359594042056075,0.0511098130841122,115239,0.138361565420561,0.0372371495327103,8.974358974,21.30961631,27392
43,0.0498270543142937,0.00519771898663177,0.000785266897260914,0.0018509862578293,0.000654389081050762,0.000355239786856128,0.151631298494905,0.0379545667009442,0.214546134430214,0.175563242030476,0.0171076002617556,0.0146770122464242,65104,0.0807703094325512,0.0194447041226512,14.08450704,26.89566547,53485
44,0.0507112750263435,0.0249824376536705,0.00140498770635757,0.00425886898489638,0.00395152792413066,0.000834211450649807,0.462548296452406,0.134351949420443,0.639708465050931,0.751448893572181,0.0695907973305234,0.0436863364945557,55824,0.342465753424658,0.0509308043554619,22.83464567,21.65808666,22776
45,0.0585984214302798,0.0366539105477159,0.00819182013872279,0.0143506338196604,0.00597943075819182,0.00143506338196604,0.983915331260464,0.279837359483377,1.41742406122937,1.05925615881368,0.123774216694571,0.0917842621382444,74645,0.430519014589811,0.122578330542932,15.80645161,33.60035865,16724
46,0.0425338337313772,0.00368474923234391,0.00100079608779711,0.00172864778801319,0.000796087797111339,0.000295689753212783,0.172864778801319,0.0473103605140453,0.240532241555783,0.232685090412828,0.0185374729898783,0.0189923803025134,71782,0.080518594336404,0.0156943022859092,9.923664122,22.56349206,43965
47,0.0398305939296158,0.0524352122617727,0.0130079661187859,0.0228899868911969,0.0112937380256126,0.00332761923968942,1.29877987294545,0.330745185035797,1.84279520016134,1.83472824442876,0.154784713118887,0.184531612382777,69884,0.709892104467077,0.108903902389836,14.95726496,37.87151082,9917
48,0.038830762593032,0.0245928163089203,0.00808974220688167,0.0152087153489375,0.00668752022435552,0.00151008521195125,0.85481609319383,0.234063207852443,1.13364254125769,1.35098694854924,0.0808974220688167,0.142379462841117,81484,0.469205047999137,0.0711897314205587,18.04511278,48.45726496,9271
49,0.037323859326973,0.00554868069138957,0.00215560257075566,0.00506965789788831,0.000439104227376153,0.000359267095125943,0.240509360903756,0.0652668556145463,0.317751786355834,0.32773142788711,0.0275438106263223,0.0369246736657219,88861,0.122949183665323,0.0191609117400503,24.41860465,35.6122449,25051
5,0.0437295017960331,0.0192878338278932,0.00460721536779635,0.00429486178353897,0.0060908948930189,0.000390441980321724,0.352959550210839,0.112447290332657,0.497423082929877,0.43026706231454,0.0449008277369983,0.0203029829767297,61196,0.217866625019522,0.0616898328908324,9.782608696,24.70674487,12806
50,0.0384230361559298,0.0156047579790366,0.00323872335413968,0.00677187610411023,0.00247320692497939,0.00129548934165587,0.223766340831469,0.0643328229890472,0.329760923330585,0.317689318101519,0.0228182781768932,0.0329760923330585,84163,0.135437522082205,0.0141326109998822,12.87128713,29.12121721,33964
51,0.0492890168367792,0.0628107825176655,0.0122132077117683,0.0300095960917735,0.0129983424932391,0.00532146907441333,2.06577684724767,0.605426153711943,3.33551426328186,2.74012038733316,0.169676349995638,0.245572712204484,80607,1.16287184855622,0.124749193055919,12,28.89610121,11463
52,0.0436334787782626,0.0347084490281634,0.00763585878619595,0.0158667195557319,0.00317334391114637,0.0028758429194764,0.99464498214994,0.248413328044427,1.52320507735026,1.05265767552558,0.0793335977786593,0.096687822292741,92800,0.421459738199127,0.0664418881396271,13.44537815,32.11659664,10084
53,0.0541664137889179,0.00631182860957699,0.00130484918371063,0.0028221156763974,0.000485525277659768,0.000455179947806033,0.233203859925957,0.0707046185592037,0.357012805729198,0.258693937003095,0.022607270741033,0.0172968380166292,65901,0.128057291982764,0.0139588517327183,8.695652174,20.79983509,32954
54,0.0344284055085449,0.0436369669819147,0.00348432055749129,0.0111166417786627,0.00564128090260494,0.00190808030529285,0.747884519661523,0.197859631657541,1.06686577069852,0.53177368508379,0.0713456114152978,0.0551684088269454,73050,0.324373651899784,0.0895968143354903,9.756097561,37.63418951,12054
55,0.0447003865979381,0.0298807989690722,0.00306056701030928,0.00861791237113402,0.0038659793814433,0.00289948453608247,0.829977448453608,0.197728737113402,1.05911726804124,1.19080219072165,0.100676546391753,0.0620167525773196,49530,0.700708762886598,0.0563788659793814,14.24332344,34.53092214,12416
56,0.0501769057574783,0.0100353811514957,0.00192988099067224,0.00887745255709231,0.00244451592151817,0.00141524605982631,0.515921518173046,0.139916371823738,0.706979736249598,0.140238018655516,0.0424573817947893,0.0424573817947893,158847,0.0598263107108395,0.0315213895143133,13.29787234,40.94224624,15545
57,0.0331094944972953,0.0134303301622832,0.00139899272523783,0.00578250326431636,0.00186532363365044,0.000373064726730088,0.50923335198657,0.0969968289498228,0.761518373437791,0.244357396008207,0.0666853199030032,0.0531617235590375,67940,0.200522290617422,0.0550270471926879,22.22222222,31.36224154,10722
58,0.0542853199613562,0.0132953029396881,0.0010120991857202,0.00427841928508994,0.00188618484611492,0.000598058609743755,0.209090490868105,0.042094125224272,0.287068132677002,0.106270414500621,0.0156415328702213,0.0184018033767309,90478,0.0515250494548466,0.0188618484611492,9.473684211,24.75785326,21737
59,0.0508346725263192,0.00636253320651996,0.000983896887606179,0.00321406316618018,0.000787117510084943,0.00016398281460103,0.270407661277098,0.0475550162342986,0.37732445639697,0.0792036994522974,0.0223016627857401,0.0175461611623102,83989,0.076743957233282,0.0249253878193565,11.5942029,24.55916361,30491
6,0.0411753079913038,0.0297121022465248,0.012253771658212,0.00955267145398248,0.00586336385796166,0.00118584887014955,0.69668621121286,0.19895908821398,0.93385598524277,0.802424402134528,0.0606100533631992,0.0503985769813558,68145,0.445352131233942,0.104091178602016,15.63786008,35.69010417,15179
60,0.0405112404427707,0.00544904712997832,0.000342348510783978,0.00273878808627182,0.000969987447221271,0.000342348510783978,0.109123587812393,0.0192571037315988,0.16004792879151,0.0863003537601278,0.0106983909619993,0.00969987447221271,74945,0.0313819468218647,0.0116969074517859,4.918032787,27.87248861,35052
61,0.0574421048816729,0.0136628855144421,0.00126843764722937,0.00565360779907948,0.00315297358025586,0.000362410756351249,0.279418693146813,0.061247417823361,0.399557858877251,0.362048345594897,0.0469321929474867,0.0177581270612112,51131,0.187728771789947,0.0271808067263436,16.91542289,38.18876848,27593
62,0.0377225631224223,0.074740971733226,0.00855044764108239,0.0342017905643295,0.0146866512423297,0.00352077255809275,1.03208932702947,0.222311638668142,1.50890252489689,0.589477919726386,0.0940549240519062,0.0648828085705663,90812,0.354089125842471,0.105623176742782,13.57466063,35.29494946,9941
63,0.0410444070813965,0.0343190584511918,0.00454950054396202,0.0169122737612501,0.00900009890218574,0.00227475027198101,1.01226387103155,0.205222035406983,1.46325783799822,0.221046385125111,0.0835723469488676,0.0692315300168134,139757,0.174067846899416,0.0712095737315795,7.851239669,31.53076726,10111
64,0.0506756756756757,0.0292471042471042,0.00231660231660232,0.0122586872586873,0.00395752895752896,0.000965250965250965,0.584459459459459,0.0999034749034749,0.852316602316602,0.227316602316602,0.0468146718146718,0.0395752895752896,90338,0.170849420849421,0.0540540540540541,10.25641026,29.03610176,10360
65,0.0515289744889339,0.0212873796249366,0.00326631750858816,0.00940474179196936,0.00315368587036098,0.00140789547783973,0.394773891986259,0.0734921439432337,0.580616095061103,0.328602804527792,0.0447710761953033,0.0287210677479304,76085,0.16444219181168,0.0405473897617841,5.882352941,44.2872901,17757
66,0.0391786003782761,0.0356660362064307,0.00310726830586328,0.0131721156444204,0.00857876249662253,0.00155363415293164,0.323561199675763,0.0621453661172656,0.437381788705755,0.295528235611997,0.0226290191840043,0.0138476087543907,88629,0.094569035395839,0.02431775195893,7.142857143,32.16329245,14804
67,0.0426872876810299,0.013677811550152,0.00138566064723762,0.00697300196674414,0.00277132129447524,0.000491686036116574,0.172537099946362,0.0328535669586984,0.242714106919363,0.0585553370284284,0.0158680493473985,0.0111746826390131,112244,0.0388878955837654,0.010280708027892,3.076923077,42.50933102,22372
68,0.0343006313744536,0.00940990772219524,0.00157843613404565,0.00764934434191355,0.00625303545410393,0.000728508984944148,0.353023312287518,0.0710296260320544,0.504188926663429,0.172413793103448,0.026104905293832,0.0264084507042254,114599,0.083778533268577,0.0254978144730452,12.90322581,47.16933058,16472
69,0.0390600390600391,0.0131670131670132,0.00100800100800101,0.00441000441000441,0.00277200277200277,0.000189000189000189,0.235935235935236,0.0557550557550558,0.342090342090342,0.178290178290178,0.0258300258300258,0.0163800163800164,76633,0.128520128520129,0.0283500283500283,17.97752809,39.98350079,15873
7,0.0448445613325241,0.0126441432328545,0.00593431789061973,0.005563423022456,0.00455189156382764,0.000606918875177018,0.358587902083755,0.0885090026299818,0.46159552228741,0.26687571650145,0.0281542922651561,0.0384381954278778,79241,0.117674826353766,0.0367523096634972,14.68926554,30.46117546,29658
70,0.0490979675725051,0.0290401157037375,0.00346350003806044,0.0150719342315597,0.00650833523635533,0.00281647255842278,0.529801324503311,0.0930577757478876,0.783283854761361,0.433508411357235,0.0403440663774073,0.035776813579965,83795,0.207048793484053,0.0483367587729314,7.56302521,45.86487073,26274
71,0.0440602576476019,0.0182535353111493,0.00176241030590407,0.0111619319373925,0.00440602576476019,0.000965129453233184,0.275481515672863,0.0434308253954933,0.361713734211741,0.129243422432965,0.0237086148294239,0.0182535353111493,103558,0.0788888422642776,0.0155259955520121,13.33333333,43.71332101,23831
72,0.0498937175247992,0.0284010392064242,0.00206660368445914,0.00761691072272083,0.00436939064714218,0.00112187057156353,0.326818611242324,0.104806329711856,0.498346717052433,0.413615965989608,0.0377893245158243,0.0185994331601323,51758,0.304085970713273,0.0419225318847426,10.84337349,42.52451212,16936
73,0.0411408067310072,0.0959539717891611,0.00488740410789409,0.0296956198960653,0.0284583024003959,0.00346448898787429,0.720428111853502,0.127443702053947,1.05635981192774,0.350779510022272,0.0498020292006929,0.0346448898787429,87222,0.316753278891364,0.0420687948527592,19.17808219,42.75599265,16164
74,0.0279738337063178,0.0298244103976588,0.00258220003442933,0.0120072301600964,0.00525047340333964,0.00142021001893613,0.42520227233603,0.0974780512997074,0.627689791702531,0.494060939920813,0.0479858839731451,0.0372267171630229,49005,0.252194870029265,0.0374419004992253,16.15384615,34.02553867,23236
75,0.0569854687054801,0.285212270870928,0.0115870453034476,0.0684775382277519,0.0640136765124893,0.0134865609269636,1.62646025263558,0.480577452749549,2.57194415424067,0.992971792192991,0.154810523316554,0.11871972646975,77996,0.490075030867129,0.0683825624465761,11.32075472,33.49513312,10529
76,0.0432292836290141,0.106164383561644,0.00443521221648327,0.0230181899842803,0.0119020884796766,0.00785986975072984,0.684370087581406,0.385133617785762,1.21743768246126,0.592578037278239,0.0628789580058388,0.0496856052099708,90324,0.71973950145969,0.0460363799685605,19.44444444,24.82586223,17812
77,0.0388517159507878,0.31890783509605,0.0201813080077703,0.0811569177638679,0.0246060867688323,0.0206129937405569,3.59324411828189,0.846104036261602,6.22005180228793,1.88268940211526,0.18076840060436,0.222318152385064,95004,0.754370818044464,0.152169220807252,17.81609195,31.61228116,9266
78,0.0364686766564362,0.0553168441957032,0.00389962087019318,0.0141180718541253,0.010290666185232,0.003430222061744,0.316302581693446,0.120960462177288,0.50261780104712,0.403321899259794,0.0386351326954324,0.0254558584582055,64945,0.219173135945116,0.0310525365589457,25.92592593,37.56946045,27695
79,0.0496858937749857,0.0342661336379212,0.00262707024557396,0.0129069103369503,0.00713877784123358,0.00131353512278698,0.216162193032553,0.0848086807538549,0.327241576242147,0.129354654483152,0.0274129069103369,0.0148486579097658,92815,0.087378640776699,0.00970873786407767,20,42.62130456,17510
8,0.0345724652563839,0.0101321284315739,0.0074621756691997,0.00718833436023824,0.00280687341685493,0.00109536523584583,0.335113301841583,0.0780447730540152,0.441226809064147,0.166700896830287,0.0277264325323475,0.0219073047169165,81267,0.121859382487848,0.0431300061614295,9.722222222,32.82074657,14607
80,0.0478730679797565,0.0146354807823827,0.00314594446724114,0.00706697670177358,0.00305475767108923,0.000820681165367255,0.304563899147403,0.0667943281812794,0.483290019605161,0.142479368987371,0.0346509825377285,0.0139059864131674,94190,0.0825240505174851,0.0191492271919026,10.98901099,45.80916628,21933
81,0.0484125843987933,0.0172101709524494,0.00166642723746588,0.00660824594167505,0.00209739979887947,0.000775750610544462,0.235167361011349,0.0468323516736101,0.357850883493751,0.144950438155437,0.0232725183163339,0.0130728343628789,77477,0.0925154431834507,0.0172389024565436,10,35.45291803,34805
82,0.0512074851435074,0.0397648248830446,0.00448855733973954,0.0154886837779745,0.00297129852067265,0.00335061322543937,0.974206600075863,0.152674168668605,1.74642811986345,0.395435579719307,0.051523580730813,0.043621191048173,88996,0.16310532304969,0.0423568086989506,13.58024691,34.93832569,15818
83,0.049166389412591,0.00920483531107907,0.000961147462201028,0.00299434401685705,0.00255073749584119,0.000628442571439134,0.215149162692692,0.0393700787401575,0.332335218661048,0.133636464456028,0.0181139329414809,0.0171897526893645,66895,0.0791098295811615,0.0162655724372482,18.51851852,40.06850919,27051
84,0.038974843510098,0.0188378410298807,0.0025983229006732,0.00826739104759655,0.00183063658911066,0.0006495807251683,0.451163340025983,0.0947797330813747,0.72664462029054,0.178929963387268,0.0239163812448329,0.0197826857210346,74372,0.11987717019015,0.0330695641903862,10.86956522,37.58332707,16934
85,0.0376311388170899,0.0485783792002433,0.00440930515432568,0.0143682530028889,0.00707009274745325,0.0018245400638589,0.832446404135624,0.172951193553292,1.30682682073894,0.73741827580964,0.113653641477877,0.0570168769955907,54454,0.430287365060058,0.073741827580964,17.5257732,26.84485443,13154
86,0.0491751269035533,0.0710659898477157,0.00655668358714044,0.0223138747884941,0.0131133671742809,0.00243231810490694,0.787330795262267,0.138007614213198,1.16222504230118,0.408735194585448,0.0597504230118443,0.0581641285956007,86526,0.279187817258883,0.0581641285956007,6.040268456,44.8467742,9456
87,0.0441075976890104,0.0162763247810151,0.00298192209728521,0.00838665589861465,0.00422438963782071,0.0012424675405355,0.693918121389079,0.132012176181897,1.02938435733366,0.213393800086973,0.0540473380132944,0.0515624029322234,116465,0.142262533391315,0.0478350003106169,5.911330049,46.52535058,16097
88,0.0456041559265575,0.0091208311853115,0.000793115755244478,0.00333108617202681,0.00271642146171234,0.000277590514335567,0.206408375302375,0.0374747194353016,0.319625649363525,0.0952730300987429,0.0206210096363564,0.0175476860847841,89737,0.0582940080104691,0.0152674782884562,7.103825137,40.2363337,50434
89,0.0425313142643485,0.0086464759768181,0.00299121331089923,0.00476724621424565,0.00345859039072724,0.000280426247896803,0.2236399326977,0.0448681996634885,0.316881660123388,0.0836604972892129,0.0177603290334642,0.0135539353150122,114798,0.0336511497476164,0.0149560665544962,4.385964912,45.63957129,21396
9,0.043856595892795,0.00654368256178211,0.00598677340758789,0.0116950922380787,0.00132265924121128,0.000974591019839889,0.508527671423599,0.125652627915071,0.704838148277062,0.181691611555865,0.0442046641141664,0.0553428471980508,119581,0.115558649495301,0.043856595892795,7.01754386,46.40512266,14365
90,0.056604973605546,0.0259492463270368,0.00616930611206513,0.00998537174839407,0.00438847548177829,0.0012084207848375,0.446479679450487,0.0931756026203651,0.678623672327164,0.255040386694651,0.0442027602874769,0.032118552439102,78000,0.139286395726006,0.0413407110602302,7.627118644,44.08870531,15723
91,0.0519410977242303,0.0184738955823293,0.00331994645247657,0.00390896921017403,0.00262382864792503,0.000910307898259706,0.299062918340027,0.0757697456492637,0.433734939759036,0.555823293172691,0.042570281124498,0.00937081659973226,66933,0.150468540829987,0.0423025435073628,20.49180328,52.5738666,18675
92,0.0506916808792875,0.0175762743983324,0.00222664392647337,0.00478491567178321,0.00511654349061967,0.000473754026909229,0.329969679742278,0.0731949971574758,0.483939738487777,0.183816562440781,0.0355315520181922,0.0208451771840061,74367,0.100435853704756,0.0341102899374645,14.7826087,37.93730645,21108
93,0.0377347278345614,0.0637033515569289,0.0077846446398859,0.0210957927264084,0.0147967672926076,0.00237699072973615,1.07410268599952,0.23324221535536,1.64220347040647,0.702103636795816,0.0962681245543142,0.06180175897314,70893,0.380318516757785,0.0938911338245781,19.29824561,35.06452856,16828
94,0.0469606052700235,0.02008870336551,0.00469606052700235,0.0119140794851726,0.00426124010783546,0.00121749717366728,0.577441516653622,0.114792590660057,0.812679363422906,0.316549265153492,0.0478302461083572,0.0386990173058527,90496,0.168710322636751,0.0521784503000261,7,40.49439352,11499
95,0.0276183255713203,0.132351348424131,0.00877287988736055,0.0637929167117947,0.0281598613668363,0.0132134734105924,1.55583234051771,0.406151846637063,2.4109173616376,0.650926026210332,0.14242391422073,0.121845553991119,141111,0.461388497779703,0.0790642261453482,5.050505051,38.84878443,9233
96,0.0378346915017462,0.00931315483119907,0.00110593713620489,0.00681024447031432,0.00151338766006985,0.00145518044237485,0.29627473806752,0.0628637951105937,0.412980209545984,0.104481955762515,0.0227008149010477,0.0325960419091967,188924,0.0552968568102445,0.0162980209545984,8.695652174,32.33425341,17180
97,0.0463636363636364,0.00422727272727273,0.000545454545454545,0.00304545454545455,0.000272727272727273,0.000545454545454545,0.255227272727273,0.0418181818181818,0.382045454545455,0.0761363636363636,0.0240909090909091,0.0197727272727273,173751,0.0445454545454545,0.0145454545454545,8.333333333,32.64775498,22000
98,0.0394151303242212,0.0812460267005722,0.00801017164653528,0.0439923712650985,0.0155117609663064,0.00559440559440559,1.22759059122695,0.277813095994914,1.67323585505404,0.375715193897012,0.0839160839160839,0.109345200254291,249884,0.20979020979021,0.0610298792116974,9.836065574,32.20252037,7865
99,0.0580246126378882,0.00969202320984506,0.00216795256009692,0.0054198814002423,0.00114773959063955,0.000701396416501945,0.496716189504559,0.108716444557801,0.723394758655869,0.159089459924759,0.0395332525664732,0.0427214180960275,133977,0.0771536058152139,0.0306063890837212,10.22727273,50.40464471,15683
